Workbook

Sheet Cover
B3: Configuration Parameters
B5: Generated: | C5: November 28, 2025
B6: Solution: | C6: Powerswitch Datacenter
B7: Customer: | C7: [Customer Name]
B8: Version: | C8: 1.0
B9: Status: | C9: Draft
C12: eoframework.org

Sheet All Parameters (Read Only)
A1: Total Parameters | B1: Categories | C1: Required | D1: Confidential/Secret
A2: 31 | B2: 18 | C2: 31 | D2: 3
A4: Parameter Name | B4: Category | C4: Environment | D4: Default Value | E4: Description | F4: Required | G4: Data Type | H4: Validation Rules | I4: Security Level | J4: Owner Team | K4: Dependencies | L4: Notes | M4: Last Updated
A5: =IF('Application'!A3="","",'Application'!A3) | B5: Application | C5: =IF('Application'!B3="","",'Application'!B3) | D5: =IF('Application'!C3="","",'Application'!C3) | E5: =IF('Application'!D3="","",'Application'!D3) | F5: =IF('Application'!E3="","",'Application'!E3) | G5: =IF('Application'!F3="","",'Application'!F3) | H5: =IF('Application'!G3="","",'Application'!G3) | I5: =IF('Application'!H3="","",'Application'!H3) | J5: =IF('Application'!I3="","",'Application'!I3) | ... M5: =IF('Application'!L3="","",'Application'!L3)
A6: =IF('Application'!A4="","",'Application'!A4) | B6: Application | C6: =IF('Application'!B4="","",'Application'!B4) | D6: =IF('Application'!C4="","",'Application'!C4) | E6: =IF('Application'!D4="","",'Application'!D4) | F6: =IF('Application'!E4="","",'Application'!E4) | G6: =IF('Application'!F4="","",'Application'!F4) | H6: =IF('Application'!G4="","",'Application'!G4) | I6: =IF('Application'!H4="","",'Application'!H4) | J6: =IF('Application'!I4="","",'Application'!I4) | ... M6: =IF('Application'!L4="","",'Application'!L4)
A7: =IF('Spine Layer'!A3="","",'Spine Layer'!A3) | B7: Spine Layer | C7: =IF('Spine Layer'!B3="","",'Spine Layer'!B3) | D7: =IF('Spine Layer'!C3="","",'Spine Layer'!C3) | E7: =IF('Spine Layer'!D3="","",'Spine Layer'!D3) | F7: =IF('Spine Layer'!E3="","",'Spine Layer'!E3) | G7: =IF('Spine Layer'!F3="","",'Spine Layer'!F3) | H7: =IF('Spine Layer'!G3="","",'Spine Layer'!G3) | I7: =IF('Spine Layer'!H3="","",'Spine Layer'!H3) | J7: =IF('Spine Layer'!I3="","",'Spine Layer'!I3) | ... M7: =IF('Spine Layer'!L3="","",'Spine Layer'!L3)
A8: =IF('Spine Layer'!A4="","",'Spine Layer'!A4) | B8: Spine Layer | C8: =IF('Spine Layer'!B4="","",'Spine Layer'!B4) | D8: =IF('Spine Layer'!C4="","",'Spine Layer'!C4) | E8: =IF('Spine Layer'!D4="","",'Spine Layer'!D4) | F8: =IF('Spine Layer'!E4="","",'Spine Layer'!E4) | G8: =IF('Spine Layer'!F4="","",'Spine Layer'!F4) | H8: =IF('Spine Layer'!G4="","",'Spine Layer'!G4) | I8: =IF('Spine Layer'!H4="","",'Spine Layer'!H4) | J8: =IF('Spine Layer'!I4="","",'Spine Layer'!I4) | ... M8: =IF('Spine Layer'!L4="","",'Spine Layer'!L4)
A9: =IF('Spine Layer'!A5="","",'Spine Layer'!A5) | B9: Spine Layer | C9: =IF('Spine Layer'!B5="","",'Spine Layer'!B5) | D9: =IF('Spine Layer'!C5="","",'Spine Layer'!C5) | E9: =IF('Spine Layer'!D5="","",'Spine Layer'!D5) | F9: =IF('Spine Layer'!E5="","",'Spine Layer'!E5) | G9: =IF('Spine Layer'!F5="","",'Spine Layer'!F5) | H9: =IF('Spine Layer'!G5="","",'Spine Layer'!G5) | I9: =IF('Spine Layer'!H5="","",'Spine Layer'!H5) | J9: =IF('Spine Layer'!I5="","",'Spine Layer'!I5) | ... M9: =IF('Spine Layer'!L5="","",'Spine Layer'!L5)
A10: =IF('Leaf Layer'!A3="","",'Leaf Layer'!A3) | B10: Leaf Layer | C10: =IF('Leaf Layer'!B3="","",'Leaf Layer'!B3) | D10: =IF('Leaf Layer'!C3="","",'Leaf Layer'!C3) | E10: =IF('Leaf Layer'!D3="","",'Leaf Layer'!D3) | F10: =IF('Leaf Layer'!E3="","",'Leaf Layer'!E3) | G10: =IF('Leaf Layer'!F3="","",'Leaf Layer'!F3) | H10: =IF('Leaf Layer'!G3="","",'Leaf Layer'!G3) | I10: =IF('Leaf Layer'!H3="","",'Leaf Layer'!H3) | J10: =IF('Leaf Layer'!I3="","",'Leaf Layer'!I3) | ... M10: =IF('Leaf Layer'!L3="","",'Leaf Layer'!L3)
A11: =IF('Leaf Layer'!A4="","",'Leaf Layer'!A4) | B11: Leaf Layer | C11: =IF('Leaf Layer'!B4="","",'Leaf Layer'!B4) | D11: =IF('Leaf Layer'!C4="","",'Leaf Layer'!C4) | E11: =IF('Leaf Layer'!D4="","",'Leaf Layer'!D4) | F11: =IF('Leaf Layer'!E4="","",'Leaf Layer'!E4) | G11: =IF('Leaf Layer'!F4="","",'Leaf Layer'!F4) | H11: =IF('Leaf Layer'!G4="","",'Leaf Layer'!G4) | I11: =IF('Leaf Layer'!H4="","",'Leaf Layer'!H4) | J11: =IF('Leaf Layer'!I4="","",'Leaf Layer'!I4) | ... M11: =IF('Leaf Layer'!L4="","",'Leaf Layer'!L4)
A12: =IF('Leaf Layer'!A5="","",'Leaf Layer'!A5) | B12: Leaf Layer | C12: =IF('Leaf Layer'!B5="","",'Leaf Layer'!B5) | D12: =IF('Leaf Layer'!C5="","",'Leaf Layer'!C5) | E12: =IF('Leaf Layer'!D5="","",'Leaf Layer'!D5) | F12: =IF('Leaf Layer'!E5="","",'Leaf Layer'!E5) | G12: =IF('Leaf Layer'!F5="","",'Leaf Layer'!F5) | H12: =IF('Leaf Layer'!G5="","",'Leaf Layer'!G5) | I12: =IF('Leaf Layer'!H5="","",'Leaf Layer'!H5) | J12: =IF('Leaf Layer'!I5="","",'Leaf Layer'!I5) | ... M12: =IF('Leaf Layer'!L5="","",'Leaf Layer'!L5)
A13: =IF('Leaf Layer'!A6="","",'Leaf Layer'!A6) | B13: Leaf Layer | C13: =IF('Leaf Layer'!B6="","",'Leaf Layer'!B6) | D13: =IF('Leaf Layer'!C6="","",'Leaf Layer'!C6) | E13: =IF('Leaf Layer'!D6="","",'Leaf Layer'!D6) | F13: =IF('Leaf Layer'!E6="","",'Leaf Layer'!E6) | G13: =IF('Leaf Layer'!F6="","",'Leaf Layer'!F6) | H13: =IF('Leaf Layer'!G6="","",'Leaf Layer'!G6) | I13: =IF('Leaf Layer'!H6="","",'Leaf Layer'!H6) | J13: =IF('Leaf Layer'!I6="","",'Leaf Layer'!I6) | ... M13: =IF('Leaf Layer'!L6="","",'Leaf Layer'!L6)
A14: =IF('Capacity'!A3="","",'Capacity'!A3) | B14: Capacity | C14: =IF('Capacity'!B3="","",'Capacity'!B3) | D14: =IF('Capacity'!C3="","",'Capacity'!C3) | E14: =IF('Capacity'!D3="","",'Capacity'!D3) | F14: =IF('Capacity'!E3="","",'Capacity'!E3) | G14: =IF('Capacity'!F3="","",'Capacity'!F3) | H14: =IF('Capacity'!G3="","",'Capacity'!G3) | I14: =IF('Capacity'!H3="","",'Capacity'!H3) | J14: =IF('Capacity'!I3="","",'Capacity'!I3) | ... M14: =IF('Capacity'!L3="","",'Capacity'!L3)
A15: =IF('Performance'!A3="","",'Performance'!A3) | B15: Performance | C15: =IF('Performance'!B3="","",'Performance'!B3) | D15: =IF('Performance'!C3="","",'Performance'!C3) | E15: =IF('Performance'!D3="","",'Performance'!D3) | F15: =IF('Performance'!E3="","",'Performance'!E3) | G15: =IF('Performance'!F3="","",'Performance'!F3) | H15: =IF('Performance'!G3="","",'Performance'!G3) | I15: =IF('Performance'!H3="","",'Performance'!H3) | J15: =IF('Performance'!I3="","",'Performance'!I3) | ... M15: =IF('Performance'!L3="","",'Performance'!L3)
A16: =IF('Performance'!A4="","",'Performance'!A4) | B16: Performance | C16: =IF('Performance'!B4="","",'Performance'!B4) | D16: =IF('Performance'!C4="","",'Performance'!C4) | E16: =IF('Performance'!D4="","",'Performance'!D4) | F16: =IF('Performance'!E4="","",'Performance'!E4) | G16: =IF('Performance'!F4="","",'Performance'!F4) | H16: =IF('Performance'!G4="","",'Performance'!G4) | I16: =IF('Performance'!H4="","",'Performance'!H4) | J16: =IF('Performance'!I4="","",'Performance'!I4) | ... M16: =IF('Performance'!L4="","",'Performance'!L4)
A17: =IF('Routing'!A3="","",'Routing'!A3) | B17: Routing | C17: =IF('Routing'!B3="","",'Routing'!B3) | D17: =IF('Routing'!C3="","",'Routing'!C3) | E17: =IF('Routing'!D3="","",'Routing'!D3) | F17: =IF('Routing'!E3="","",'Routing'!E3) | G17: =IF('Routing'!F3="","",'Routing'!F3) | H17: =IF('Routing'!G3="","",'Routing'!G3) | I17: =IF('Routing'!H3="","",'Routing'!H3) | J17: =IF('Routing'!I3="","",'Routing'!I3) | ... M17: =IF('Routing'!L3="","",'Routing'!L3)
A18: =IF('Routing'!A4="","",'Routing'!A4) | B18: Routing | C18: =IF('Routing'!B4="","",'Routing'!B4) | D18: =IF('Routing'!C4="","",'Routing'!C4) | E18: =IF('Routing'!D4="","",'Routing'!D4) | F18: =IF('Routing'!E4="","",'Routing'!E4) | G18: =IF('Routing'!F4="","",'Routing'!F4) | H18: =IF('Routing'!G4="","",'Routing'!G4) | I18: =IF('Routing'!H4="","",'Routing'!H4) | J18: =IF('Routing'!I4="","",'Routing'!I4) | ... M18: =IF('Routing'!L4="","",'Routing'!L4)
A19: =IF('Overlay'!A3="","",'Overlay'!A3) | B19: Overlay | C19: =IF('Overlay'!B3="","",'Overlay'!B3) | D19: =IF('Overlay'!C3="","",'Overlay'!C3) | E19: =IF('Overlay'!D3="","",'Overlay'!D3) | F19: =IF('Overlay'!E3="","",'Overlay'!E3) | G19: =IF('Overlay'!F3="","",'Overlay'!F3) | H19: =IF('Overlay'!G3="","",'Overlay'!G3) | I19: =IF('Overlay'!H3="","",'Overlay'!H3) | J19: =IF('Overlay'!I3="","",'Overlay'!I3) | ... M19: =IF('Overlay'!L3="","",'Overlay'!L3)
A20: =IF('Overlay'!A4="","",'Overlay'!A4) | B20: Overlay | C20: =IF('Overlay'!B4="","",'Overlay'!B4) | D20: =IF('Overlay'!C4="","",'Overlay'!C4) | E20: =IF('Overlay'!D4="","",'Overlay'!D4) | F20: =IF('Overlay'!E4="","",'Overlay'!E4) | G20: =IF('Overlay'!F4="","",'Overlay'!F4) | H20: =IF('Overlay'!G4="","",'Overlay'!G4) | I20: =IF('Overlay'!H4="","",'Overlay'!H4) | J20: =IF('Overlay'!I4="","",'Overlay'!I4) | ... M20: =IF('Overlay'!L4="","",'Overlay'!L4)
A21: =IF('Network Segmentation'!A3="","",'Network Segmentation'!A3) | B21: Network Segmentation | C21: =IF('Network Segmentation'!B3="","",'Network Segmentation'!B3) | D21: =IF('Network Segmentation'!C3="","",'Network Segmentation'!C3) | E21: =IF('Network Segmentation'!D3="","",'Network Segmentation'!D3) | F21: =IF('Network Segmentation'!E3="","",'Network Segmentation'!E3) | G21: =IF('Network Segmentation'!F3="","",'Network Segmentation'!F3) | H21: =IF('Network Segmentation'!G3="","",'Network Segmentation'!G3) | I21: =IF('Network Segmentation'!H3="","",'Network Segmentation'!H3) | J21: =IF('Network Segmentation'!I3="","",'Network Segmentation'!I3) | ... M21: =IF('Network Segmentation'!L3="","",'Network Segmentation'!L3)
A22: =IF('Authentication'!A3="","",'Authentication'!A3) | B22: Authentication | C22: =IF('Authentication'!B3="","",'Authentication'!B3) | D22: =IF('Authentication'!C3="","",'Authentication'!C3) | E22: =IF('Authentication'!D3="","",'Authentication'!D3) | F22: =IF('Authentication'!E3="","",'Authentication'!E3) | G22: =IF('Authentication'!F3="","",'Authentication'!F3) | H22: =IF('Authentication'!G3="","",'Authentication'!G3) | I22: =IF('Authentication'!H3="","",'Authentication'!H3) | J22: =IF('Authentication'!I3="","",'Authentication'!I3) | ... M22: =IF('Authentication'!L3="","",'Authentication'!L3)
A23: =IF('Authentication'!A4="","",'Authentication'!A4) | B23: Authentication | C23: =IF('Authentication'!B4="","",'Authentication'!B4) | D23: =IF('Authentication'!C4="","",'Authentication'!C4) | E23: =IF('Authentication'!D4="","",'Authentication'!D4) | F23: =IF('Authentication'!E4="","",'Authentication'!E4) | G23: =IF('Authentication'!F4="","",'Authentication'!F4) | H23: =IF('Authentication'!G4="","",'Authentication'!G4) | I23: =IF('Authentication'!H4="","",'Authentication'!H4) | J23: =IF('Authentication'!I4="","",'Authentication'!I4) | ... M23: =IF('Authentication'!L4="","",'Authentication'!L4)
A24: =IF('Management'!A3="","",'Management'!A3) | B24: Management | C24: =IF('Management'!B3="","",'Management'!B3) | D24: =IF('Management'!C3="","",'Management'!C3) | E24: =IF('Management'!D3="","",'Management'!D3) | F24: =IF('Management'!E3="","",'Management'!E3) | G24: =IF('Management'!F3="","",'Management'!F3) | H24: =IF('Management'!G3="","",'Management'!G3) | I24: =IF('Management'!H3="","",'Management'!H3) | J24: =IF('Management'!I3="","",'Management'!I3) | ... M24: =IF('Management'!L3="","",'Management'!L3)
A25: =IF('Management'!A4="","",'Management'!A4) | B25: Management | C25: =IF('Management'!B4="","",'Management'!B4) | D25: =IF('Management'!C4="","",'Management'!C4) | E25: =IF('Management'!D4="","",'Management'!D4) | F25: =IF('Management'!E4="","",'Management'!E4) | G25: =IF('Management'!F4="","",'Management'!F4) | H25: =IF('Management'!G4="","",'Management'!G4) | I25: =IF('Management'!H4="","",'Management'!H4) | J25: =IF('Management'!I4="","",'Management'!I4) | ... M25: =IF('Management'!L4="","",'Management'!L4)
A26: =IF('Monitoring'!A3="","",'Monitoring'!A3) | B26: Monitoring | C26: =IF('Monitoring'!B3="","",'Monitoring'!B3) | D26: =IF('Monitoring'!C3="","",'Monitoring'!C3) | E26: =IF('Monitoring'!D3="","",'Monitoring'!D3) | F26: =IF('Monitoring'!E3="","",'Monitoring'!E3) | G26: =IF('Monitoring'!F3="","",'Monitoring'!F3) | H26: =IF('Monitoring'!G3="","",'Monitoring'!G3) | I26: =IF('Monitoring'!H3="","",'Monitoring'!H3) | J26: =IF('Monitoring'!I3="","",'Monitoring'!I3) | ... M26: =IF('Monitoring'!L3="","",'Monitoring'!L3)
A27: =IF('Logging'!A3="","",'Logging'!A3) | B27: Logging | C27: =IF('Logging'!B3="","",'Logging'!B3) | D27: =IF('Logging'!C3="","",'Logging'!C3) | E27: =IF('Logging'!D3="","",'Logging'!D3) | F27: =IF('Logging'!E3="","",'Logging'!E3) | G27: =IF('Logging'!F3="","",'Logging'!F3) | H27: =IF('Logging'!G3="","",'Logging'!G3) | I27: =IF('Logging'!H3="","",'Logging'!H3) | J27: =IF('Logging'!I3="","",'Logging'!I3) | ... M27: =IF('Logging'!L3="","",'Logging'!L3)
A28: =IF('Time Sync'!A3="","",'Time Sync'!A3) | B28: Time Sync | C28: =IF('Time Sync'!B3="","",'Time Sync'!B3) | D28: =IF('Time Sync'!C3="","",'Time Sync'!C3) | E28: =IF('Time Sync'!D3="","",'Time Sync'!D3) | F28: =IF('Time Sync'!E3="","",'Time Sync'!E3) | G28: =IF('Time Sync'!F3="","",'Time Sync'!F3) | H28: =IF('Time Sync'!G3="","",'Time Sync'!G3) | I28: =IF('Time Sync'!H3="","",'Time Sync'!H3) | J28: =IF('Time Sync'!I3="","",'Time Sync'!I3) | ... M28: =IF('Time Sync'!L3="","",'Time Sync'!L3)
A29: =IF('Automation'!A3="","",'Automation'!A3) | B29: Automation | C29: =IF('Automation'!B3="","",'Automation'!B3) | D29: =IF('Automation'!C3="","",'Automation'!C3) | E29: =IF('Automation'!D3="","",'Automation'!D3) | F29: =IF('Automation'!E3="","",'Automation'!E3) | G29: =IF('Automation'!F3="","",'Automation'!F3) | H29: =IF('Automation'!G3="","",'Automation'!G3) | I29: =IF('Automation'!H3="","",'Automation'!H3) | J29: =IF('Automation'!I3="","",'Automation'!I3) | ... M29: =IF('Automation'!L3="","",'Automation'!L3)
A30: =IF('Automation'!A4="","",'Automation'!A4) | B30: Automation | C30: =IF('Automation'!B4="","",'Automation'!B4) | D30: =IF('Automation'!C4="","",'Automation'!C4) | E30: =IF('Automation'!D4="","",'Automation'!D4) | F30: =IF('Automation'!E4="","",'Automation'!E4) | G30: =IF('Automation'!F4="","",'Automation'!F4) | H30: =IF('Automation'!G4="","",'Automation'!G4) | I30: =IF('Automation'!H4="","",'Automation'!H4) | J30: =IF('Automation'!I4="","",'Automation'!I4) | ... M30: =IF('Automation'!L4="","",'Automation'!L4)
A31: =IF('Operations'!A3="","",'Operations'!A3) | B31: Operations | C31: =IF('Operations'!B3="","",'Operations'!B3) | D31: =IF('Operations'!C3="","",'Operations'!C3) | E31: =IF('Operations'!D3="","",'Operations'!D3) | F31: =IF('Operations'!E3="","",'Operations'!E3) | G31: =IF('Operations'!F3="","",'Operations'!F3) | H31: =IF('Operations'!G3="","",'Operations'!G3) | I31: =IF('Operations'!H3="","",'Operations'!H3) | J31: =IF('Operations'!I3="","",'Operations'!I3) | ... M31: =IF('Operations'!L3="","",'Operations'!L3)
A32: =IF('Security'!A3="","",'Security'!A3) | B32: Security | C32: =IF('Security'!B3="","",'Security'!B3) | D32: =IF('Security'!C3="","",'Security'!C3) | E32: =IF('Security'!D3="","",'Security'!D3) | F32: =IF('Security'!E3="","",'Security'!E3) | G32: =IF('Security'!F3="","",'Security'!F3) | H32: =IF('Security'!G3="","",'Security'!G3) | I32: =IF('Security'!H3="","",'Security'!H3) | J32: =IF('Security'!I3="","",'Security'!I3) | ... M32: =IF('Security'!L3="","",'Security'!L3)
A33: =IF('Security'!A4="","",'Security'!A4) | B33: Security | C33: =IF('Security'!B4="","",'Security'!B4) | D33: =IF('Security'!C4="","",'Security'!C4) | E33: =IF('Security'!D4="","",'Security'!D4) | F33: =IF('Security'!E4="","",'Security'!E4) | G33: =IF('Security'!F4="","",'Security'!F4) | H33: =IF('Security'!G4="","",'Security'!G4) | I33: =IF('Security'!H4="","",'Security'!H4) | J33: =IF('Security'!I4="","",'Security'!I4) | ... M33: =IF('Security'!L4="","",'Security'!L4)
A34: =IF('Migration'!A3="","",'Migration'!A3) | B34: Migration | C34: =IF('Migration'!B3="","",'Migration'!B3) | D34: =IF('Migration'!C3="","",'Migration'!C3) | E34: =IF('Migration'!D3="","",'Migration'!D3) | F34: =IF('Migration'!E3="","",'Migration'!E3) | G34: =IF('Migration'!F3="","",'Migration'!F3) | H34: =IF('Migration'!G3="","",'Migration'!G3) | I34: =IF('Migration'!H3="","",'Migration'!H3) | J34: =IF('Migration'!I3="","",'Migration'!I3) | ... M34: =IF('Migration'!L3="","",'Migration'!L3)
A35: =IF('Support'!A3="","",'Support'!A3) | B35: Support | C35: =IF('Support'!B3="","",'Support'!B3) | D35: =IF('Support'!C3="","",'Support'!C3) | E35: =IF('Support'!D3="","",'Support'!D3) | F35: =IF('Support'!E3="","",'Support'!E3) | G35: =IF('Support'!F3="","",'Support'!F3) | H35: =IF('Support'!G3="","",'Support'!G3) | I35: =IF('Support'!H3="","",'Support'!H3) | J35: =IF('Support'!I3="","",'Support'!I3) | ... M35: =IF('Support'!L3="","",'Support'!L3)

Sheet Application
A1: Application Parameters
A2: Parameter Name | B2: Environment | C2: Default Value | D2: Description | E2: Required | F2: Data Type | G2: Validation Rules | H2: Security Level | I2: Owner Team | J2: Dependencies | K2: Notes | L2: Last Updated
A3: NETWORK_SOLUTION_NAME | B3: All | C3: Dell PowerSwitch Datacenter Fabric | D3: Dell network solution identifier | E3: Yes | F3: String | G3: Max 50 characters | H3: Public | I3: Network Team | J3: None | K3: Used in documentation and management | L3: [DATE]
A4: OS10_VERSION | B4: All | C4: 10.5.4 | D4: Dell OS10 Enterprise version | E4: Yes | F4: String | G4: Valid OS10 version | H4: Public | I4: Network Team | J4: None | K4: Enterprise edition for BGP/EVPN | L4: [DATE]

Sheet Spine Layer
A1: Spine Layer Parameters
A2: Parameter Name | B2: Environment | C2: Default Value | D2: Description | E2: Required | F2: Data Type | G2: Validation Rules | H2: Security Level | I2: Owner Team | J2: Dependencies | K2: Notes | L2: Last Updated
A3: SPINE_SWITCH_MODEL | B3: All | C3: Dell Z9432F-ON | D3: Spine switch model | E3: Yes | F3: String | G3: Valid PowerSwitch model | H3: Public | I3: Network Team | J3: Fabric design | K3: 32x400GbE or 128x100GbE ports | L3: [DATE]
A4: SPINE_SWITCH_COUNT | B4: All | C4: 4 | D4: Number of spine switches | E4: Yes | F4: Integer | G4: 2-8 | H4: Public | I4: Network Team | J4: Redundancy requirements | K4: 4-way spine for full redundancy | L4: [DATE]
A5: SPINE_PORT_CONFIG | B5: All | C5: 100GbE | D5: Spine port speed configuration | E5: Yes | F5: String | G5: 100GbE|400GbE | H5: Public | I5: Network Team | J5: Leaf requirements | K5: Breakout to 100GbE for leaf uplinks | L5: [DATE]

Sheet Leaf Layer
A1: Leaf Layer Parameters
A2: Parameter Name | B2: Environment | C2: Default Value | D2: Description | E2: Required | F2: Data Type | G2: Validation Rules | H2: Security Level | I2: Owner Team | J2: Dependencies | K2: Notes | L2: Last Updated
A3: LEAF_SWITCH_MODEL | B3: All | C3: Dell S5248F-ON | D3: ToR leaf switch model | E3: Yes | F3: String | G3: Valid PowerSwitch model | H3: Public | I3: Network Team | J3: Server connectivity | K3: 48x25GbE + 8x100GbE ports | L3: [DATE]
A4: LEAF_SWITCH_COUNT | B4: All | C4: 40 | D4: Number of leaf switches (1 per rack) | E4: Yes | F4: Integer | G4: 10-100 | H4: Public | I4: Network Team | J4: Rack count | K4: 40 racks with ToR switches | L4: [DATE]
A5: LEAF_UPLINK_COUNT | B5: All | C5: 4 | D5: Number of 100GbE uplinks per leaf | E5: Yes | F5: Integer | G5: 2-8 | H5: Public | I5: Network Team | J5: Spine connectivity | K5: 4 uplinks to 4 spines | L5: [DATE]
A6: SERVER_PORT_COUNT | B6: All | C6: 48 | D6: Server-facing ports per leaf switch | E6: Yes | F6: Integer | G6: 24-48 | H6: Public | I6: Network Team | J6: Host density | K6: 25GbE server connectivity | L6: [DATE]

Sheet Capacity
A1: Capacity Parameters
A2: Parameter Name | B2: Environment | C2: Default Value | D2: Description | E2: Required | F2: Data Type | G2: Validation Rules | H2: Security Level | I2: Owner Team | J2: Dependencies | K2: Notes | L2: Last Updated
A3: TOTAL_SERVER_PORTS | B3: All | C3: 1920 | D3: Total server ports in fabric | E3: Yes | F3: Integer | G3: 100-5000 | H3: Public | I3: Network Team | J3: Infrastructure sizing | K3: 40 leafs × 48 ports | L3: [DATE]

Sheet Performance
A1: Performance Parameters
A2: Parameter Name | B2: Environment | C2: Default Value | D2: Description | E2: Required | F2: Data Type | G2: Validation Rules | H2: Security Level | I2: Owner Team | J2: Dependencies | K2: Notes | L2: Last Updated
A3: FABRIC_BANDWIDTH_TBPS | B3: All | C3: 1.6 | D3: Aggregate fabric bandwidth in Tbps | E3: Yes | F3: Float | G3: 0.4-6.4 | H3: Public | I3: Network Team | J3: Throughput requirements | K3: 1.6Tbps aggregate capacity | L3: [DATE]
A4: EAST_WEST_LATENCY_US | B4: All | C4: 2 | D4: Target east-west latency in microseconds | E4: Yes | F4: Integer | G4: 1-10 | H4: Public | I4: Network Team | J4: Application requirements | K4: <2 microsecond SLA | L4: [DATE]

Sheet Routing
A1: Routing Parameters
A2: Parameter Name | B2: Environment | C2: Default Value | D2: Description | E2: Required | F2: Data Type | G2: Validation Rules | H2: Security Level | I2: Owner Team | J2: Dependencies | K2: Notes | L2: Last Updated
A3: BGP_UNDERLAY_ASN_SPINE | B3: All | C3: 65000 | D3: Spine BGP ASN for underlay | E3: Yes | F3: Integer | G3: 64512-65534 | H3: Public | I3: Network Team | J3: BGP design | K3: Private ASN range | L3: [DATE]
A4: BGP_UNDERLAY_ASN_LEAF | B4: All | C4: 65001-65040 | D4: Leaf BGP ASN range for underlay | E4: Yes | F4: String | G4: Valid ASN range | H4: Public | I4: Network Team | J4: BGP design | K4: Unique ASN per leaf | L4: [DATE]

Sheet Overlay
A1: Overlay Parameters
A2: Parameter Name | B2: Environment | C2: Default Value | D2: Description | E2: Required | F2: Data Type | G2: Validation Rules | H2: Security Level | I2: Owner Team | J2: Dependencies | K2: Notes | L2: Last Updated
A3: EVPN_OVERLAY_ENABLED | B3: All | C3: true | D3: Enable EVPN control plane | E3: Yes | F3: Boolean | G3: true|false | H3: Public | I3: Network Team | J3: VXLAN requirements | K3: Type-2 and Type-5 routes | L3: [DATE]
A4: VXLAN_VNI_RANGE | B4: All | C4: 10000-19999 | D4: VXLAN VNI range for tenants | E4: Yes | F4: String | G4: Valid VNI range | H4: Public | I4: Network Team | J4: Multi-tenancy | K4: 10000 VNI capacity | L4: [DATE]

Sheet Network Segmentation
A1: Network Segmentation Parameters
A2: Parameter Name | B2: Environment | C2: Default Value | D2: Description | E2: Required | F2: Data Type | G2: Validation Rules | H2: Security Level | I2: Owner Team | J2: Dependencies | K2: Notes | L2: Last Updated
A3: VLAN_COUNT | B3: All | C3: 500 | D3: Number of VLANs supported | E3: Yes | F3: Integer | G3: 100-4000 | H3: Public | I3: Network Team | J3: Segmentation requirements | K3: Extended via VXLAN | L3: [DATE]

Sheet Authentication
A1: Authentication Parameters
A2: Parameter Name | B2: Environment | C2: Default Value | D2: Description | E2: Required | F2: Data Type | G2: Validation Rules | H2: Security Level | I2: Owner Team | J2: Dependencies | K2: Notes | L2: Last Updated
A3: TACACS_SERVER | B3: All | C3: [********] | D3: TACACS+ server address | E3: Yes | F3: String | G3: Valid FQDN | H3: Confidential | I3: Security Team | J3: AAA integration | K3: Centralized authentication | L3: [DATE]
A4: TACACS_SECRET | B4: All | C4: [********] | D4: TACACS+ shared secret | E4: Yes | F4: String | G4: Min 16 characters | H4: Confidential | I4: Security Team | J4: AAA configuration | K4: Securely generated | L4: [DATE]

Sheet Management
A1: Management Parameters
A2: Parameter Name | B2: Environment | C2: Default Value | D2: Description | E2: Required | F2: Data Type | G2: Validation Rules | H2: Security Level | I2: Owner Team | J2: Dependencies | K2: Notes | L2: Last Updated
A3: SSH_ACCESS_ENABLED | B3: All | C3: true | D3: Enable SSH management access | E3: Yes | F3: Boolean | G3: true|false | H3: Public | I3: Network Team | J3: Remote management | K3: SSHv2 only | L3: [DATE]
A4: OPENMANAGE_ENABLED | B4: All | C4: true | D4: Enable OpenManage Enterprise integration | E4: Yes | F4: Boolean | G4: true|false | H4: Public | I4: Network Team | J4: Centralized management | K4: Firmware and monitoring | L4: [DATE]

Sheet Monitoring
A1: Monitoring Parameters
A2: Parameter Name | B2: Environment | C2: Default Value | D2: Description | E2: Required | F2: Data Type | G2: Validation Rules | H2: Security Level | I2: Owner Team | J2: Dependencies | K2: Notes | L2: Last Updated
A3: SNMP_VERSION | B3: All | C3: SNMPv3 | D3: SNMP version for monitoring | E3: Yes | F3: String | G3: v2c|v3 | H3: Public | I3: Network Team | J3: NMS integration | K3: SNMPv3 for security | L3: [DATE]

Sheet Logging
A1: Logging Parameters
A2: Parameter Name | B2: Environment | C2: Default Value | D2: Description | E2: Required | F2: Data Type | G2: Validation Rules | H2: Security Level | I2: Owner Team | J2: Dependencies | K2: Notes | L2: Last Updated
A3: SYSLOG_SERVER | B3: All | C3: [syslog.domain.com] | D3: Centralized syslog server | E3: Yes | F3: String | G3: Valid FQDN | H3: Public | I3: Network Team | J3: Log aggregation | K3: All switch logs | L3: [DATE]

Sheet Time Sync
A1: Time Sync Parameters
A2: Parameter Name | B2: Environment | C2: Default Value | D2: Description | E2: Required | F2: Data Type | G2: Validation Rules | H2: Security Level | I2: Owner Team | J2: Dependencies | K2: Notes | L2: Last Updated
A3: NTP_SERVER | B3: All | C3: [ntp.domain.com] | D3: NTP server address | E3: Yes | F3: String | G3: Valid FQDN | H3: Public | I3: Network Team | J3: Time synchronization | K3: Required for logging | L3: [DATE]

Sheet Automation
A1: Automation Parameters
A2: Parameter Name | B2: Environment | C2: Default Value | D2: Description | E2: Required | F2: Data Type | G2: Validation Rules | H2: Security Level | I2: Owner Team | J2: Dependencies | K2: Notes | L2: Last Updated
A3: ZTP_ENABLED | B3: All | C3: true | D3: Enable Zero Touch Provisioning | E3: Yes | F3: Boolean | G3: true|false | H3: Public | I3: Network Team | J3: Deployment automation | K3: DHCP-based provisioning | L3: [DATE]
A4: ANSIBLE_AUTOMATION | B4: All | C4: true | D4: Enable Ansible automation | E4: Yes | F4: Boolean | G4: true|false | H4: Public | I4: Network Team | J4: Configuration management | K4: Playbook-driven config | L4: [DATE]

Sheet Operations
A1: Operations Parameters
A2: Parameter Name | B2: Environment | C2: Default Value | D2: Description | E2: Required | F2: Data Type | G2: Validation Rules | H2: Security Level | I2: Owner Team | J2: Dependencies | K2: Notes | L2: Last Updated
A3: CONFIG_BACKUP_SCHEDULE | B3: All | C3: Daily 02:00 | D3: Switch configuration backup schedule | E3: Yes | F3: String | G3: Valid cron expression | H3: Public | I3: IT Operations | J3: Backup infrastructure | K3: Daily config backups | L3: [DATE]

Sheet Security
A1: Security Parameters
A2: Parameter Name | B2: Environment | C2: Default Value | D2: Description | E2: Required | F2: Data Type | G2: Validation Rules | H2: Security Level | I2: Owner Team | J2: Dependencies | K2: Notes | L2: Last Updated
A3: STORM_CONTROL_ENABLED | B3: All | C3: true | D3: Enable broadcast storm control | E3: Yes | F3: Boolean | G3: true|false | H3: Public | I3: Security Team | J3: Network protection | K3: Prevent broadcast storms | L3: [DATE]
A4: MAC_LIMIT_PER_PORT | B4: All | C4: 100 | D4: Maximum MAC addresses per port | E4: Yes | F4: Integer | G4: 10-1000 | H4: Public | I4: Security Team | J4: Port security | K4: Prevent MAC flooding | L4: [DATE]

Sheet Migration
A1: Migration Parameters
A2: Parameter Name | B2: Environment | C2: Default Value | D2: Description | E2: Required | F2: Data Type | G2: Validation Rules | H2: Security Level | I2: Owner Team | J2: Dependencies | K2: Notes | L2: Last Updated
A3: LEGACY_NETWORK | B3: All | C3: Cisco Nexus 9K | D3: Legacy network platform | E3: Yes | F3: String | G3: Valid platform name | H3: Public | I3: Network Team | J3: Migration planning | K3: Phased migration from Cisco | L3: [DATE]

Sheet Support
A1: Support Parameters
A2: Parameter Name | B2: Environment | C2: Default Value | D2: Description | E2: Required | F2: Data Type | G2: Validation Rules | H2: Security Level | I2: Owner Team | J2: Dependencies | K2: Notes | L2: Last Updated
A3: DELL_PROSUPPORT_LEVEL | B3: All | C3: [********] | D3: Dell ProSupport tier | E3: Yes | F3: String | G3: Basic|ProSupport|Mission Critical | H3: Confidential | I3: Support Team | J3: SLA requirements | K3: 24x7 with 2-hour response | L3: [DATE]
