Workbook

Sheet Cover
B2: [VENDOR LOGO]
B4: Level Of Effort Estimate
B5: Presales Document
B7: Generated: | C7: November 18, 2025
B8: Solution: | C8: Virtual Desktop
B9: Customer: | C9: [Customer Name]
B10: Version: | C10: 1.0
B11: Status: | C11: Draft
C13: eoframework.org

Sheet Scope Assumptions
A1: Category | B1: Baseline Assumption | C1: Current Scope | D1: Small (1x) | E1: Medium (2x) | F1: Large (3x) | G1: Notes
A2: Solution Scope | B2: Host Pools | C2: 3 host pools | D2: 3 host pools | E2: Enhanced host pools | F2: Enterprise-scale host pools | G2: Sizing parameter for Host Pools
A3: Solution Scope | B3: Application Groups | C3: 5-10 app groups | D3: 5-10 app groups | E3: Enhanced application groups | F3: Enterprise-scale application groups | G3: Sizing parameter for Application Groups
A4: Integration | B4: Identity Integration | C4: Azure AD hybrid join | D4: Azure AD hybrid join | E4: Enhanced identity integration | F4: Enterprise-scale identity integration | G4: Sizing parameter for Identity Integration
A5: Integration | B5: Profile Management | C5: FSLogix profile containers | D5: FSLogix profile containers | E5: Enhanced profile management | F5: Enterprise-scale profile management | G5: Sizing parameter for Profile Management
A6: User Base | B6: Total Users | C6: 200 concurrent users | D6: 200 concurrent users | E6: Enhanced total users | F6: Enterprise-scale total users | G6: Sizing parameter for Total Users
A7: User Base | B7: User Roles | C7: 3 roles (standard power admin) | D7: 3 roles (standard power admin) | E7: Enhanced user roles | F7: Enterprise-scale user roles | G7: Sizing parameter for User Roles
A8: Data Volume | B8: User Profiles | C8: 10 GB per user | D8: 10 GB per user | E8: Enhanced user profiles | F8: Enterprise-scale user profiles | G8: Sizing parameter for User Profiles
A9: Data Volume | B9: Application Data | C9: 500 GB shared storage | D9: 500 GB shared storage | E9: Enhanced application data | F9: Enterprise-scale application data | G9: Sizing parameter for Application Data
A10: Technical Environment | B10: Deployment Regions | C10: Single Azure region (East US) | D10: Single Azure region (East US) | E10: Enhanced deployment regions | F10: Enterprise-scale deployment regions | G10: Sizing parameter for Deployment Regions
A11: Technical Environment | B11: Availability Requirements | C11: Standard (99.9%) | D11: Standard (99.9%) | E11: Enhanced availability requirements | F11: Enterprise-scale availability requirements | G11: Sizing parameter for Availability Requirements
A12: Technical Environment | B12: Infrastructure Complexity | C12: Multi-session Windows 11 hosts | D12: Multi-session Windows 11 hosts | E12: Enhanced infrastructure complexity | F12: Enterprise-scale infrastructure complexity | G12: Sizing parameter for Infrastructure Complexity
... A17: Environment | B17: Deployment Environments | C17: 2 environments (pilot prod) | D17: 2 environments (pilot prod) | E17: Enhanced deployment environments | F17: Enterprise-scale deployment environments | G17: Sizing parameter for Deployment Environments

Sheet Estimate Settings
A1: INSTRUCTIONS: How to Use Estimate Settings
A3: This sheet contains phase-based multiplier variables that control effort scaling for each project phase.
A4: The EO Sales Engineer updates these multipliers based on customer scope compared to baseline assumptions.
A6: How It Works:
A7: 1. Review customer requirements from Discovery Questionnaire
A8: 2. Compare customer scope to Baseline Assumptions (see 'Scope Assumptions' sheet)
A9: 3. Update YELLOW HIGHLIGHTED multiplier values below (Column C) for each phase
A10: 4. All tasks in that phase on the 'LOE' sheet automatically update their Actual Hours
A11: 5. Total cost recalculates automatically
A13: Multiplier Guidelines:
A14: • 1.0 = Matches baseline exactly (Small scope)
A15: • 1.5-2.0 = Medium scope (moderately above baseline)
... A22: ESTIMATE SETTINGS - Update phase multipliers in Column C below:
A23: Phase | B23: Variable Name | C23: Multiplier | D23: Description / Applies To Tasks
A24: Discovery | B24: DISCOVERY_MX | C24: 1 | D24: All Discovery phase tasks
A25: Planning | B25: PLANNING_MX | C25: 1 | D25: All Planning phase tasks
A26: Development | B26: DEVELOPMENT_MX | C26: 1 | D26: All Development phase tasks
A27: Testing | B27: TESTING_MX | C27: 1 | D27: All Testing phase tasks
A28: Deployment | B28: DEPLOYMENT_MX | C28: 1 | D28: All Deployment phase tasks
A29: Training | B29: TRAINING_MX | C29: 1 | D29: All Training phase tasks
A30: Closeout | B30: CLOSEOUT_MX | C30: 1 | D30: All Closeout phase tasks
A31: Management | B31: MANAGEMENT_MX | C31: 1.5 | D31: Project Management overhead
A32: Leadership | B32: LEADERSHIP_MX | C32: 1.5 | D32: Technical Leadership overhead

Sheet LOE
A1: Phase | B1: Work Package | C1: Task Description | D1: Resource Type | E1: Base Hours | F1: Effort Multiplier | G1: Actual Hours | H1: Rate | I1: Cost Estimate | J1: Dependencies | K1: Notes
A2: Discovery | B2: Azure Requirements Gathering | C2: Conduct stakeholder interviews for Azure cloud strategy | D2: EO Engineer | E2: 40 | F2: ='Estimate Settings'!$C$24 | G2: =$E2*$F2 | H2: 150 | I2: =TEXT($G2*$H2 | J2: $# | K2: ##0"") | L2: $#
A3: Discovery | B3: Current Environment Assessment | C3: Analyze existing infrastructure and Azure readiness | D3: EO Engineer | E3: 32 | F3: ='Estimate Settings'!$C$24 | G3: =$E3*$F3 | H3: 200 | I3: =TEXT($G3*$H3 | J3: $# | K3: ##0"") | L3: $#
A4: Discovery | B4: Azure Services Assessment | C4: Evaluate Azure services and landing zone requirements | D4: EO Engineer | E4: 24 | F4: ='Estimate Settings'!$C$24 | G4: =$E4*$F4 | H4: 200 | I4: =TEXT($G4*$H4 | J4: $# | K4: ##0"") | L4: $#
A5: Discovery | B5: Compliance Review | C5: Assess governance security and regulatory requirements | D5: EO Engineer | E5: 16 | F5: ='Estimate Settings'!$C$24 | G5: =$E5*$F5 | H5: 175 | I5: =TEXT($G5*$H5 | J5: $# | K5: ##0"") | L5: $#
A6: Planning | B6: Azure Landing Zone Design | C6: Design Azure landing zone architecture and governance model | D6: EO Engineer | E6: 48 | F6: ='Estimate Settings'!$C$25 | G6: =$E6*$F6 | H6: 200 | I6: =TEXT($G6*$H6 | J6: $# | K6: ##0"") | L6: $#
A7: Planning | B7: Identity and Access Design | C7: Design Azure AD integration and access management strategy | D7: EO Engineer | E7: 32 | F7: ='Estimate Settings'!$C$25 | G7: =$E7*$F7 | H7: 180 | I7: =TEXT($G7*$H7 | J7: $# | K7: ##0"") | L7: $#
A8: Planning | B8: Network Architecture Design | C8: Design Azure networking security and hybrid connectivity | D8: EO Engineer | E8: 24 | F8: ='Estimate Settings'!$C$25 | G8: =$E8*$F8 | H8: 175 | I8: =TEXT($G8*$H8 | J8: $# | K8: ##0"") | L8: $#
A9: Planning | B9: Project Planning | C9: Develop Azure implementation timeline and resource allocation | D9: EO Engineer | E9: 24 | F9: ='Estimate Settings'!$C$25 | G9: =$E9*$F9 | H9: 140 | I9: =TEXT($G9*$H9 | J9: $# | K9: ##0"") | L9: $#
A10: Development | B10: Management Groups and Subscriptions | C10: Configure Azure management groups subscription structure and policies | D10: EO Engineer | E10: 40 | F10: ='Estimate Settings'!$C$26 | G10: =$E10*$F10 | H10: 160 | I10: =TEXT($G10*$H10 | J10: $# | K10: ##0"") | L10: $#
A11: Development | B11: Azure Policy Implementation | C11: Implement Azure policies governance controls and compliance | D11: EO Engineer | E11: 60 | F11: ='Estimate Settings'!$C$26 | G11: =$E11*$F11 | H11: 145 | I11: =TEXT($G11*$H11 | J11: $# | K11: ##0"") | L11: $#
A12: Development | B12: Network Infrastructure | C12: Build Azure networking VNet peering and hybrid connectivity | D12: EO Engineer | E12: 48 | F12: ='Estimate Settings'!$C$26 | G12: =$E12*$F12 | H12: 140 | I12: =TEXT($G12*$H12 | J12: $# | K12: ##0"") | L12: $#
A13: Development | B13: Identity and Access Implementation | C13: Implement Azure AD integration access controls and SSO | D13: EO Engineer | E13: 40 | F13: ='Estimate Settings'!$C$26 | G13: =$E13*$F13 | H13: 155 | I13: =TEXT($G13*$H13 | J13: $# | K13: ##0"") | L13: $#
A14: Development | B14: Monitoring and Operations | C14: Build Azure monitoring logging alerting and operational tools | D14: EO Engineer | E14: 32 | F14: ='Estimate Settings'!$C$26 | G14: =$E14*$F14 | H14: 130 | I14: =TEXT($G14*$H14 | J14: $# | K14: ##0"") | L14: $#
A15: Testing | B15: Unit Testing | C15: Develop automated tests for all solution components | D15: EO Engineer | E15: 32 | F15: ='Estimate Settings'!$C$27 | G15: =$E15*$F15 | H15: 120 | I15: =TEXT($G15*$H15 | J15: $# | K15: ##0"") | L15: $#
A16: Testing | B16: Integration Testing | C16: Test system integrations data flows and external dependencies | D16: EO Engineer | E16: 40 | F16: ='Estimate Settings'!$C$27 | G16: =$E16*$F16 | H16: 120 | I16: =TEXT($G16*$H16 | J16: $# | K16: ##0"") | L16: $#
A17: Testing | B17: Performance Testing | C17: Conduct load performance and scalability testing | D17: EO Engineer | E17: 24 | F17: ='Estimate Settings'!$C$27 | G17: =$E17*$F17 | H17: 140 | I17: =TEXT($G17*$H17 | J17: $# | K17: ##0"") | L17: $#
A18: Testing | B18: Security Testing | C18: Perform security assessments penetration testing and compliance validation | D18: EO Engineer | E18: 16 | F18: ='Estimate Settings'!$C$27 | G18: =$E18*$F18 | H18: 175 | I18: =TEXT($G18*$H18 | J18: $# | K18: ##0"") | L18: $#
A19: Testing | B19: User Acceptance Testing | C19: Coordinate UAT with business users and stakeholders | D19: EO Engineer | E19: 32 | F19: ='Estimate Settings'!$C$27 | G19: =$E19*$F19 | H19: 150 | I19: =TEXT($G19*$H19 | J19: $# | K19: ##0"") | L19: $#
A20: Deployment | B20: Production Deployment | C20: Deploy solution to production environment with monitoring | D20: EO Engineer | E20: 24 | F20: ='Estimate Settings'!$C$28 | G20: =$E20*$F20 | H20: 160 | I20: =TEXT($G20*$H20 | J20: $# | K20: ##0"") | L20: $#
A21: Deployment | B21: Go-Live Support | C21: Provide comprehensive support during initial production rollout | D21: EO Engineer | E21: 48 | F21: ='Estimate Settings'!$C$28 | G21: =$E21*$F21 | H21: 110 | I21: =TEXT($G21*$H21 | J21: $# | K21: ##0"") | L21: $#
A22: Training | B22: Administrator Training | C22: Train system administrators and technical support teams | D22: EO Engineer | E22: 16 | F22: ='Estimate Settings'!$C$29 | G22: =$E22*$F22 | H22: 130 | I22: =TEXT($G22*$H22 | J22: $# | K22: ##0"") | L22: $#
A23: Training | B23: End User Training | C23: Train business users on solution functionality and workflows | D23: EO Engineer | E23: 24 | F23: ='Estimate Settings'!$C$29 | G23: =$E23*$F23 | H23: 120 | I23: =TEXT($G23*$H23 | J23: $# | K23: ##0"") | L23: $#
A24: Training | B24: Documentation | C24: Create comprehensive technical and user documentation | D24: EO Engineer | E24: 32 | F24: ='Estimate Settings'!$C$29 | G24: =$E24*$F24 | H24: 110 | I24: =TEXT($G24*$H24 | J24: $# | K24: ##0"") | L24: $#
A25: Closeout | B25: Knowledge Transfer | C25: Transfer solution ownership to operations and support teams | D25: EO Engineer | E25: 16 | F25: ='Estimate Settings'!$C$30 | G25: =$E25*$F25 | H25: 140 | I25: =TEXT($G25*$H25 | J25: $# | K25: ##0"") | L25: $#
A26: Closeout | B26: Performance Baseline | C26: Establish performance metrics monitoring baselines and SLAs | D26: EO Engineer | E26: 8 | F26: ='Estimate Settings'!$C$30 | G26: =$E26*$F26 | H26: 130 | I26: =TEXT($G26*$H26 | J26: $# | K26: ##0"") | L26: $#
A27: Management | B27: Technical Leadership | C27: Quarterback technical oversight and architecture review | D27: EO Quarterback | E27: =ROUND(SUM(E2:E26)*0.25,='Estimate Settings'!$C$31,=$E27*$F27,0) | F27: =TEXT($G27*$H27 | G27: $# | H27: ##0"") | I27: =TEXT(E27*F27,##0")
A28: Management | B28: Project Management | C28: Project coordination and management activities | D28: EO Project Manager | E28: =ROUND(SUM(E2:E26)*0.20,='Estimate Settings'!$C$31,=$E28*$F28,0) | F28: =TEXT($G28*$H28 | G28: $# | H28: ##0"") | I28: =TEXT(E28*F28,##0")
F29: TOTAL HOURS | G29: =SUM($G$2:$G$28) | H29: TOTAL COST | I29: =TEXT(SUMPRODUCT($G$2:$G$28 | J29: $H$33:$H$59) | K29: $# | L29: ##0"") | N29: EO Sales Engineer: Update multipliers based on customer scope
