Workbook

Sheet Cover
B3: Configuration Parameters
B5: Generated: | C5: November 28, 2025
B6: Solution: | C6: Safeid Authentication
B7: Customer: | C7: [Customer Name]
B8: Version: | C8: 1.0
B9: Status: | C9: Draft
C12: eoframework.org

Sheet All Parameters (Read Only)
A1: Total Parameters | B1: Categories | C1: Required | D1: Confidential/Secret
A2: 31 | B2: 11 | C2: 31 | D2: 5
A4: Parameter Name | B4: Category | C4: Environment | D4: Default Value | E4: Description | F4: Required | G4: Data Type | H4: Validation Rules | I4: Security Level | J4: Owner Team | K4: Dependencies | L4: Notes | M4: Last Updated
A5: =IF('Application'!A3="","",'Application'!A3) | B5: Application | C5: =IF('Application'!B3="","",'Application'!B3) | D5: =IF('Application'!C3="","",'Application'!C3) | E5: =IF('Application'!D3="","",'Application'!D3) | F5: =IF('Application'!E3="","",'Application'!E3) | G5: =IF('Application'!F3="","",'Application'!F3) | H5: =IF('Application'!G3="","",'Application'!G3) | I5: =IF('Application'!H3="","",'Application'!H3) | J5: =IF('Application'!I3="","",'Application'!I3) | ... M5: =IF('Application'!L3="","",'Application'!L3)
A6: =IF('Application'!A4="","",'Application'!A4) | B6: Application | C6: =IF('Application'!B4="","",'Application'!B4) | D6: =IF('Application'!C4="","",'Application'!C4) | E6: =IF('Application'!D4="","",'Application'!D4) | F6: =IF('Application'!E4="","",'Application'!E4) | G6: =IF('Application'!F4="","",'Application'!F4) | H6: =IF('Application'!G4="","",'Application'!G4) | I6: =IF('Application'!H4="","",'Application'!H4) | J6: =IF('Application'!I4="","",'Application'!I4) | ... M6: =IF('Application'!L4="","",'Application'!L4)
A7: =IF('SafeID Infrastructure'!A3="","",'SafeID Infrastructure'!A3) | B7: SafeID Infrastructure | C7: =IF('SafeID Infrastructure'!B3="","",'SafeID Infrastructure'!B3) | D7: =IF('SafeID Infrastructure'!C3="","",'SafeID Infrastructure'!C3) | E7: =IF('SafeID Infrastructure'!D3="","",'SafeID Infrastructure'!D3) | F7: =IF('SafeID Infrastructure'!E3="","",'SafeID Infrastructure'!E3) | G7: =IF('SafeID Infrastructure'!F3="","",'SafeID Infrastructure'!F3) | H7: =IF('SafeID Infrastructure'!G3="","",'SafeID Infrastructure'!G3) | I7: =IF('SafeID Infrastructure'!H3="","",'SafeID Infrastructure'!H3) | J7: =IF('SafeID Infrastructure'!I3="","",'SafeID Infrastructure'!I3) | ... M7: =IF('SafeID Infrastructure'!L3="","",'SafeID Infrastructure'!L3)
A8: =IF('SafeID Infrastructure'!A4="","",'SafeID Infrastructure'!A4) | B8: SafeID Infrastructure | C8: =IF('SafeID Infrastructure'!B4="","",'SafeID Infrastructure'!B4) | D8: =IF('SafeID Infrastructure'!C4="","",'SafeID Infrastructure'!C4) | E8: =IF('SafeID Infrastructure'!D4="","",'SafeID Infrastructure'!D4) | F8: =IF('SafeID Infrastructure'!E4="","",'SafeID Infrastructure'!E4) | G8: =IF('SafeID Infrastructure'!F4="","",'SafeID Infrastructure'!F4) | H8: =IF('SafeID Infrastructure'!G4="","",'SafeID Infrastructure'!G4) | I8: =IF('SafeID Infrastructure'!H4="","",'SafeID Infrastructure'!H4) | J8: =IF('SafeID Infrastructure'!I4="","",'SafeID Infrastructure'!I4) | ... M8: =IF('SafeID Infrastructure'!L4="","",'SafeID Infrastructure'!L4)
A9: =IF('User Base'!A3="","",'User Base'!A3) | B9: User Base | C9: =IF('User Base'!B3="","",'User Base'!B3) | D9: =IF('User Base'!C3="","",'User Base'!C3) | E9: =IF('User Base'!D3="","",'User Base'!D3) | F9: =IF('User Base'!E3="","",'User Base'!E3) | G9: =IF('User Base'!F3="","",'User Base'!F3) | H9: =IF('User Base'!G3="","",'User Base'!G3) | I9: =IF('User Base'!H3="","",'User Base'!H3) | J9: =IF('User Base'!I3="","",'User Base'!I3) | ... M9: =IF('User Base'!L3="","",'User Base'!L3)
A10: =IF('Hardware Tokens'!A3="","",'Hardware Tokens'!A3) | B10: Hardware Tokens | C10: =IF('Hardware Tokens'!B3="","",'Hardware Tokens'!B3) | D10: =IF('Hardware Tokens'!C3="","",'Hardware Tokens'!C3) | E10: =IF('Hardware Tokens'!D3="","",'Hardware Tokens'!D3) | F10: =IF('Hardware Tokens'!E3="","",'Hardware Tokens'!E3) | G10: =IF('Hardware Tokens'!F3="","",'Hardware Tokens'!F3) | H10: =IF('Hardware Tokens'!G3="","",'Hardware Tokens'!G3) | I10: =IF('Hardware Tokens'!H3="","",'Hardware Tokens'!H3) | J10: =IF('Hardware Tokens'!I3="","",'Hardware Tokens'!I3) | ... M10: =IF('Hardware Tokens'!L3="","",'Hardware Tokens'!L3)
A11: =IF('Hardware Tokens'!A4="","",'Hardware Tokens'!A4) | B11: Hardware Tokens | C11: =IF('Hardware Tokens'!B4="","",'Hardware Tokens'!B4) | D11: =IF('Hardware Tokens'!C4="","",'Hardware Tokens'!C4) | E11: =IF('Hardware Tokens'!D4="","",'Hardware Tokens'!D4) | F11: =IF('Hardware Tokens'!E4="","",'Hardware Tokens'!E4) | G11: =IF('Hardware Tokens'!F4="","",'Hardware Tokens'!F4) | H11: =IF('Hardware Tokens'!G4="","",'Hardware Tokens'!G4) | I11: =IF('Hardware Tokens'!H4="","",'Hardware Tokens'!H4) | J11: =IF('Hardware Tokens'!I4="","",'Hardware Tokens'!I4) | ... M11: =IF('Hardware Tokens'!L4="","",'Hardware Tokens'!L4)
A12: =IF('Hardware Tokens'!A5="","",'Hardware Tokens'!A5) | B12: Hardware Tokens | C12: =IF('Hardware Tokens'!B5="","",'Hardware Tokens'!B5) | D12: =IF('Hardware Tokens'!C5="","",'Hardware Tokens'!C5) | E12: =IF('Hardware Tokens'!D5="","",'Hardware Tokens'!D5) | F12: =IF('Hardware Tokens'!E5="","",'Hardware Tokens'!E5) | G12: =IF('Hardware Tokens'!F5="","",'Hardware Tokens'!F5) | H12: =IF('Hardware Tokens'!G5="","",'Hardware Tokens'!G5) | I12: =IF('Hardware Tokens'!H5="","",'Hardware Tokens'!H5) | J12: =IF('Hardware Tokens'!I5="","",'Hardware Tokens'!I5) | ... M12: =IF('Hardware Tokens'!L5="","",'Hardware Tokens'!L5)
A13: =IF('Authentication'!A3="","",'Authentication'!A3) | B13: Authentication | C13: =IF('Authentication'!B3="","",'Authentication'!B3) | D13: =IF('Authentication'!C3="","",'Authentication'!C3) | E13: =IF('Authentication'!D3="","",'Authentication'!D3) | F13: =IF('Authentication'!E3="","",'Authentication'!E3) | G13: =IF('Authentication'!F3="","",'Authentication'!F3) | H13: =IF('Authentication'!G3="","",'Authentication'!G3) | I13: =IF('Authentication'!H3="","",'Authentication'!H3) | J13: =IF('Authentication'!I3="","",'Authentication'!I3) | ... M13: =IF('Authentication'!L3="","",'Authentication'!L3)
A14: =IF('Authentication'!A4="","",'Authentication'!A4) | B14: Authentication | C14: =IF('Authentication'!B4="","",'Authentication'!B4) | D14: =IF('Authentication'!C4="","",'Authentication'!C4) | E14: =IF('Authentication'!D4="","",'Authentication'!D4) | F14: =IF('Authentication'!E4="","",'Authentication'!E4) | G14: =IF('Authentication'!F4="","",'Authentication'!F4) | H14: =IF('Authentication'!G4="","",'Authentication'!G4) | I14: =IF('Authentication'!H4="","",'Authentication'!H4) | J14: =IF('Authentication'!I4="","",'Authentication'!I4) | ... M14: =IF('Authentication'!L4="","",'Authentication'!L4)
A15: =IF('Authentication'!A5="","",'Authentication'!A5) | B15: Authentication | C15: =IF('Authentication'!B5="","",'Authentication'!B5) | D15: =IF('Authentication'!C5="","",'Authentication'!C5) | E15: =IF('Authentication'!D5="","",'Authentication'!D5) | F15: =IF('Authentication'!E5="","",'Authentication'!E5) | G15: =IF('Authentication'!F5="","",'Authentication'!F5) | H15: =IF('Authentication'!G5="","",'Authentication'!G5) | I15: =IF('Authentication'!H5="","",'Authentication'!H5) | J15: =IF('Authentication'!I5="","",'Authentication'!I5) | ... M15: =IF('Authentication'!L5="","",'Authentication'!L5)
A16: =IF('Authentication'!A6="","",'Authentication'!A6) | B16: Authentication | C16: =IF('Authentication'!B6="","",'Authentication'!B6) | D16: =IF('Authentication'!C6="","",'Authentication'!C6) | E16: =IF('Authentication'!D6="","",'Authentication'!D6) | F16: =IF('Authentication'!E6="","",'Authentication'!E6) | G16: =IF('Authentication'!F6="","",'Authentication'!F6) | H16: =IF('Authentication'!G6="","",'Authentication'!G6) | I16: =IF('Authentication'!H6="","",'Authentication'!H6) | J16: =IF('Authentication'!I6="","",'Authentication'!I6) | ... M16: =IF('Authentication'!L6="","",'Authentication'!L6)
A17: =IF('Directory'!A3="","",'Directory'!A3) | B17: Directory | C17: =IF('Directory'!B3="","",'Directory'!B3) | D17: =IF('Directory'!C3="","",'Directory'!C3) | E17: =IF('Directory'!D3="","",'Directory'!D3) | F17: =IF('Directory'!E3="","",'Directory'!E3) | G17: =IF('Directory'!F3="","",'Directory'!F3) | H17: =IF('Directory'!G3="","",'Directory'!G3) | I17: =IF('Directory'!H3="","",'Directory'!H3) | J17: =IF('Directory'!I3="","",'Directory'!I3) | ... M17: =IF('Directory'!L3="","",'Directory'!L3)
A18: =IF('Directory'!A4="","",'Directory'!A4) | B18: Directory | C18: =IF('Directory'!B4="","",'Directory'!B4) | D18: =IF('Directory'!C4="","",'Directory'!C4) | E18: =IF('Directory'!D4="","",'Directory'!D4) | F18: =IF('Directory'!E4="","",'Directory'!E4) | G18: =IF('Directory'!F4="","",'Directory'!F4) | H18: =IF('Directory'!G4="","",'Directory'!G4) | I18: =IF('Directory'!H4="","",'Directory'!H4) | J18: =IF('Directory'!I4="","",'Directory'!I4) | ... M18: =IF('Directory'!L4="","",'Directory'!L4)
A19: =IF('Directory'!A5="","",'Directory'!A5) | B19: Directory | C19: =IF('Directory'!B5="","",'Directory'!B5) | D19: =IF('Directory'!C5="","",'Directory'!C5) | E19: =IF('Directory'!D5="","",'Directory'!D5) | F19: =IF('Directory'!E5="","",'Directory'!E5) | G19: =IF('Directory'!F5="","",'Directory'!F5) | H19: =IF('Directory'!G5="","",'Directory'!G5) | I19: =IF('Directory'!H5="","",'Directory'!H5) | J19: =IF('Directory'!I5="","",'Directory'!I5) | ... M19: =IF('Directory'!L5="","",'Directory'!L5)
A20: =IF('Network Integration'!A3="","",'Network Integration'!A3) | B20: Network Integration | C20: =IF('Network Integration'!B3="","",'Network Integration'!B3) | D20: =IF('Network Integration'!C3="","",'Network Integration'!C3) | E20: =IF('Network Integration'!D3="","",'Network Integration'!D3) | F20: =IF('Network Integration'!E3="","",'Network Integration'!E3) | G20: =IF('Network Integration'!F3="","",'Network Integration'!F3) | H20: =IF('Network Integration'!G3="","",'Network Integration'!G3) | I20: =IF('Network Integration'!H3="","",'Network Integration'!H3) | J20: =IF('Network Integration'!I3="","",'Network Integration'!I3) | ... M20: =IF('Network Integration'!L3="","",'Network Integration'!L3)
A21: =IF('Network Integration'!A4="","",'Network Integration'!A4) | B21: Network Integration | C21: =IF('Network Integration'!B4="","",'Network Integration'!B4) | D21: =IF('Network Integration'!C4="","",'Network Integration'!C4) | E21: =IF('Network Integration'!D4="","",'Network Integration'!D4) | F21: =IF('Network Integration'!E4="","",'Network Integration'!E4) | G21: =IF('Network Integration'!F4="","",'Network Integration'!F4) | H21: =IF('Network Integration'!G4="","",'Network Integration'!G4) | I21: =IF('Network Integration'!H4="","",'Network Integration'!H4) | J21: =IF('Network Integration'!I4="","",'Network Integration'!I4) | ... M21: =IF('Network Integration'!L4="","",'Network Integration'!L4)
A22: =IF('Network Integration'!A5="","",'Network Integration'!A5) | B22: Network Integration | C22: =IF('Network Integration'!B5="","",'Network Integration'!B5) | D22: =IF('Network Integration'!C5="","",'Network Integration'!C5) | E22: =IF('Network Integration'!D5="","",'Network Integration'!D5) | F22: =IF('Network Integration'!E5="","",'Network Integration'!E5) | G22: =IF('Network Integration'!F5="","",'Network Integration'!F5) | H22: =IF('Network Integration'!G5="","",'Network Integration'!G5) | I22: =IF('Network Integration'!H5="","",'Network Integration'!H5) | J22: =IF('Network Integration'!I5="","",'Network Integration'!I5) | ... M22: =IF('Network Integration'!L5="","",'Network Integration'!L5)
A23: =IF('Network Integration'!A6="","",'Network Integration'!A6) | B23: Network Integration | C23: =IF('Network Integration'!B6="","",'Network Integration'!B6) | D23: =IF('Network Integration'!C6="","",'Network Integration'!C6) | E23: =IF('Network Integration'!D6="","",'Network Integration'!D6) | F23: =IF('Network Integration'!E6="","",'Network Integration'!E6) | G23: =IF('Network Integration'!F6="","",'Network Integration'!F6) | H23: =IF('Network Integration'!G6="","",'Network Integration'!G6) | I23: =IF('Network Integration'!H6="","",'Network Integration'!H6) | J23: =IF('Network Integration'!I6="","",'Network Integration'!I6) | ... M23: =IF('Network Integration'!L6="","",'Network Integration'!L6)
A24: =IF('Cloud Integration'!A3="","",'Cloud Integration'!A3) | B24: Cloud Integration | C24: =IF('Cloud Integration'!B3="","",'Cloud Integration'!B3) | D24: =IF('Cloud Integration'!C3="","",'Cloud Integration'!C3) | E24: =IF('Cloud Integration'!D3="","",'Cloud Integration'!D3) | F24: =IF('Cloud Integration'!E3="","",'Cloud Integration'!E3) | G24: =IF('Cloud Integration'!F3="","",'Cloud Integration'!F3) | H24: =IF('Cloud Integration'!G3="","",'Cloud Integration'!G3) | I24: =IF('Cloud Integration'!H3="","",'Cloud Integration'!H3) | J24: =IF('Cloud Integration'!I3="","",'Cloud Integration'!I3) | ... M24: =IF('Cloud Integration'!L3="","",'Cloud Integration'!L3)
A25: =IF('Cloud Integration'!A4="","",'Cloud Integration'!A4) | B25: Cloud Integration | C25: =IF('Cloud Integration'!B4="","",'Cloud Integration'!B4) | D25: =IF('Cloud Integration'!C4="","",'Cloud Integration'!C4) | E25: =IF('Cloud Integration'!D4="","",'Cloud Integration'!D4) | F25: =IF('Cloud Integration'!E4="","",'Cloud Integration'!E4) | G25: =IF('Cloud Integration'!F4="","",'Cloud Integration'!F4) | H25: =IF('Cloud Integration'!G4="","",'Cloud Integration'!G4) | I25: =IF('Cloud Integration'!H4="","",'Cloud Integration'!H4) | J25: =IF('Cloud Integration'!I4="","",'Cloud Integration'!I4) | ... M25: =IF('Cloud Integration'!L4="","",'Cloud Integration'!L4)
A26: =IF('Cloud Integration'!A5="","",'Cloud Integration'!A5) | B26: Cloud Integration | C26: =IF('Cloud Integration'!B5="","",'Cloud Integration'!B5) | D26: =IF('Cloud Integration'!C5="","",'Cloud Integration'!C5) | E26: =IF('Cloud Integration'!D5="","",'Cloud Integration'!D5) | F26: =IF('Cloud Integration'!E5="","",'Cloud Integration'!E5) | G26: =IF('Cloud Integration'!F5="","",'Cloud Integration'!F5) | H26: =IF('Cloud Integration'!G5="","",'Cloud Integration'!G5) | I26: =IF('Cloud Integration'!H5="","",'Cloud Integration'!H5) | J26: =IF('Cloud Integration'!I5="","",'Cloud Integration'!I5) | ... M26: =IF('Cloud Integration'!L5="","",'Cloud Integration'!L5)
A27: =IF('Cloud Integration'!A6="","",'Cloud Integration'!A6) | B27: Cloud Integration | C27: =IF('Cloud Integration'!B6="","",'Cloud Integration'!B6) | D27: =IF('Cloud Integration'!C6="","",'Cloud Integration'!C6) | E27: =IF('Cloud Integration'!D6="","",'Cloud Integration'!D6) | F27: =IF('Cloud Integration'!E6="","",'Cloud Integration'!E6) | G27: =IF('Cloud Integration'!F6="","",'Cloud Integration'!F6) | H27: =IF('Cloud Integration'!G6="","",'Cloud Integration'!G6) | I27: =IF('Cloud Integration'!H6="","",'Cloud Integration'!H6) | J27: =IF('Cloud Integration'!I6="","",'Cloud Integration'!I6) | ... M27: =IF('Cloud Integration'!L6="","",'Cloud Integration'!L6)
A28: =IF('Compliance'!A3="","",'Compliance'!A3) | B28: Compliance | C28: =IF('Compliance'!B3="","",'Compliance'!B3) | D28: =IF('Compliance'!C3="","",'Compliance'!C3) | E28: =IF('Compliance'!D3="","",'Compliance'!D3) | F28: =IF('Compliance'!E3="","",'Compliance'!E3) | G28: =IF('Compliance'!F3="","",'Compliance'!F3) | H28: =IF('Compliance'!G3="","",'Compliance'!G3) | I28: =IF('Compliance'!H3="","",'Compliance'!H3) | J28: =IF('Compliance'!I3="","",'Compliance'!I3) | ... M28: =IF('Compliance'!L3="","",'Compliance'!L3)
A29: =IF('Compliance'!A4="","",'Compliance'!A4) | B29: Compliance | C29: =IF('Compliance'!B4="","",'Compliance'!B4) | D29: =IF('Compliance'!C4="","",'Compliance'!C4) | E29: =IF('Compliance'!D4="","",'Compliance'!D4) | F29: =IF('Compliance'!E4="","",'Compliance'!E4) | G29: =IF('Compliance'!F4="","",'Compliance'!F4) | H29: =IF('Compliance'!G4="","",'Compliance'!G4) | I29: =IF('Compliance'!H4="","",'Compliance'!H4) | J29: =IF('Compliance'!I4="","",'Compliance'!I4) | ... M29: =IF('Compliance'!L4="","",'Compliance'!L4)
A30: =IF('User Experience'!A3="","",'User Experience'!A3) | B30: User Experience | C30: =IF('User Experience'!B3="","",'User Experience'!B3) | D30: =IF('User Experience'!C3="","",'User Experience'!C3) | E30: =IF('User Experience'!D3="","",'User Experience'!D3) | F30: =IF('User Experience'!E3="","",'User Experience'!E3) | G30: =IF('User Experience'!F3="","",'User Experience'!F3) | H30: =IF('User Experience'!G3="","",'User Experience'!G3) | I30: =IF('User Experience'!H3="","",'User Experience'!H3) | J30: =IF('User Experience'!I3="","",'User Experience'!I3) | ... M30: =IF('User Experience'!L3="","",'User Experience'!L3)
A31: =IF('User Experience'!A4="","",'User Experience'!A4) | B31: User Experience | C31: =IF('User Experience'!B4="","",'User Experience'!B4) | D31: =IF('User Experience'!C4="","",'User Experience'!C4) | E31: =IF('User Experience'!D4="","",'User Experience'!D4) | F31: =IF('User Experience'!E4="","",'User Experience'!E4) | G31: =IF('User Experience'!F4="","",'User Experience'!F4) | H31: =IF('User Experience'!G4="","",'User Experience'!G4) | I31: =IF('User Experience'!H4="","",'User Experience'!H4) | J31: =IF('User Experience'!I4="","",'User Experience'!I4) | ... M31: =IF('User Experience'!L4="","",'User Experience'!L4)
A32: =IF('Operations'!A3="","",'Operations'!A3) | B32: Operations | C32: =IF('Operations'!B3="","",'Operations'!B3) | D32: =IF('Operations'!C3="","",'Operations'!C3) | E32: =IF('Operations'!D3="","",'Operations'!D3) | F32: =IF('Operations'!E3="","",'Operations'!E3) | G32: =IF('Operations'!F3="","",'Operations'!F3) | H32: =IF('Operations'!G3="","",'Operations'!G3) | I32: =IF('Operations'!H3="","",'Operations'!H3) | J32: =IF('Operations'!I3="","",'Operations'!I3) | ... M32: =IF('Operations'!L3="","",'Operations'!L3)
A33: =IF('Operations'!A4="","",'Operations'!A4) | B33: Operations | C33: =IF('Operations'!B4="","",'Operations'!B4) | D33: =IF('Operations'!C4="","",'Operations'!C4) | E33: =IF('Operations'!D4="","",'Operations'!D4) | F33: =IF('Operations'!E4="","",'Operations'!E4) | G33: =IF('Operations'!F4="","",'Operations'!F4) | H33: =IF('Operations'!G4="","",'Operations'!G4) | I33: =IF('Operations'!H4="","",'Operations'!H4) | J33: =IF('Operations'!I4="","",'Operations'!I4) | ... M33: =IF('Operations'!L4="","",'Operations'!L4)
A34: =IF('Operations'!A5="","",'Operations'!A5) | B34: Operations | C34: =IF('Operations'!B5="","",'Operations'!B5) | D34: =IF('Operations'!C5="","",'Operations'!C5) | E34: =IF('Operations'!D5="","",'Operations'!D5) | F34: =IF('Operations'!E5="","",'Operations'!E5) | G34: =IF('Operations'!F5="","",'Operations'!F5) | H34: =IF('Operations'!G5="","",'Operations'!G5) | I34: =IF('Operations'!H5="","",'Operations'!H5) | J34: =IF('Operations'!I5="","",'Operations'!I5) | ... M34: =IF('Operations'!L5="","",'Operations'!L5)
A35: =IF('Operations'!A6="","",'Operations'!A6) | B35: Operations | C35: =IF('Operations'!B6="","",'Operations'!B6) | D35: =IF('Operations'!C6="","",'Operations'!C6) | E35: =IF('Operations'!D6="","",'Operations'!D6) | F35: =IF('Operations'!E6="","",'Operations'!E6) | G35: =IF('Operations'!F6="","",'Operations'!F6) | H35: =IF('Operations'!G6="","",'Operations'!G6) | I35: =IF('Operations'!H6="","",'Operations'!H6) | J35: =IF('Operations'!I6="","",'Operations'!I6) | ... M35: =IF('Operations'!L6="","",'Operations'!L6)

Sheet Application
A1: Application Parameters
A2: Parameter Name | B2: Environment | C2: Default Value | D2: Description | E2: Required | F2: Data Type | G2: Validation Rules | H2: Security Level | I2: Owner Team | J2: Dependencies | K2: Notes | L2: Last Updated
A3: SAFEID_SOLUTION_NAME | B3: All | C3: Dell SafeID Enterprise Authentication | D3: Dell SafeID solution identifier | E3: Yes | F3: String | G3: Max 50 characters | H3: Public | I3: Security Team | J3: None | K3: Used in portal and documentation | L3: [DATE]
A4: SAFEID_VERSION | B4: All | C4: 4.2 | D4: SafeID Enterprise server version | E4: Yes | F4: String | G4: Valid SafeID version | H4: Public | I4: Security Team | J4: None | K4: Major.minor format | L4: [DATE]

Sheet SafeID Infrastructure
A1: SafeID Infrastructure Parameters
A2: Parameter Name | B2: Environment | C2: Default Value | D2: Description | E2: Required | F2: Data Type | G2: Validation Rules | H2: Security Level | I2: Owner Team | J2: Dependencies | K2: Notes | L2: Last Updated
A3: SAFEID_SERVER_COUNT | B3: All | C3: 2 | D3: Number of SafeID servers for HA | E3: Yes | F3: Integer | G3: 1-4 | H3: Public | I3: Security Team | J3: Load balancer | K3: Active-passive HA configuration | L3: [DATE]
A4: SAFEID_DATABASE | B4: All | C4: PostgreSQL 15 | D4: SafeID database platform | E4: Yes | F4: String | G4: Valid database | H4: Public | I4: Security Team | J4: Database server | K4: Enterprise database required | L4: [DATE]

Sheet User Base
A1: User Base Parameters
A2: Parameter Name | B2: Environment | C2: Default Value | D2: Description | E2: Required | F2: Data Type | G2: Validation Rules | H2: Security Level | I2: Owner Team | J2: Dependencies | K2: Notes | L2: Last Updated
A3: USER_COUNT | B3: All | C3: 500 | D3: Total number of users to enroll | E3: Yes | F3: Integer | G3: 1-10000 | H3: Public | I3: IT Security | J3: AD user count | K3: All employees with MFA | L3: [DATE]

Sheet Hardware Tokens
A1: Hardware Tokens Parameters
A2: Parameter Name | B2: Environment | C2: Default Value | D2: Description | E2: Required | F2: Data Type | G2: Validation Rules | H2: Security Level | I2: Owner Team | J2: Dependencies | K2: Notes | L2: Last Updated
A3: YUBIKEY_MODEL | B3: All | C3: YubiKey 5 NFC | D3: YubiKey hardware token model | E3: Yes | F3: String | G3: Valid YubiKey model | H3: Public | I3: Security Team | J3: Token procurement | K3: NFC for mobile support | L3: [DATE]
A4: YUBIKEY_QUANTITY | B4: All | C4: 525 | D4: Total YubiKeys to procure (500 + 25 spares) | E4: Yes | F4: Integer | G4: User count + 5% | H4: Public | I4: Procurement | J4: User count | K4: Include spare inventory | L4: [DATE]
A5: ADMIN_YUBIKEY_COUNT | B5: All | C5: 10 | D5: Separate admin YubiKeys for privileged access | E5: Yes | F5: Integer | G5: 5-20 | H5: Public | I5: Security Team | J5: Privileged users | K5: Dedicated admin tokens | L5: [DATE]

Sheet Authentication
A1: Authentication Parameters
A2: Parameter Name | B2: Environment | C2: Default Value | D2: Description | E2: Required | F2: Data Type | G2: Validation Rules | H2: Security Level | I2: Owner Team | J2: Dependencies | K2: Notes | L2: Last Updated
A3: AUTH_PROTOCOL | B3: All | C3: FIDO2 WebAuthn | D3: Primary authentication protocol | E3: Yes | F3: String | G3: FIDO2|TOTP|PIV | H3: Public | I3: Security Team | J3: YubiKey capability | K3: Phishing-resistant protocol | L3: [DATE]
A4: FIDO2_ORIGIN | B4: All | C4: [login.domain.com] | D4: FIDO2 relying party origin | E4: Yes | F4: String | G4: Valid FQDN | H4: Public | I4: Security Team | J4: DNS configuration | K4: Origin binding for phishing resistance | L4: [DATE]
A5: PIN_POLICY_ENABLED | B5: All | C5: [********] | D5: Require PIN for YubiKey use | E5: Yes | F5: Boolean | G5: true|false | H5: Confidential | I5: Security Team | J5: Token security | K5: Protects against token theft | L5: [DATE]
A6: PIN_MIN_LENGTH | B6: All | C6: [********] | D6: Minimum PIN length | E6: Yes | F6: Integer | G6: 4-8 | H6: Confidential | I6: Security Team | J6: PIN policy | K6: Balance security and usability | L6: [DATE]

Sheet Directory
A1: Directory Parameters
A2: Parameter Name | B2: Environment | C2: Default Value | D2: Description | E2: Required | F2: Data Type | G2: Validation Rules | H2: Security Level | I2: Owner Team | J2: Dependencies | K2: Notes | L2: Last Updated
A3: AD_INTEGRATION | B3: All | C3: LDAP | D3: Active Directory integration method | E3: Yes | F3: String | G3: LDAP|LDAPS | H3: Public | I3: AD Admin | J3: AD configuration | K3: Secure LDAP recommended | L3: [DATE]
A4: AD_BASE_DN | B4: All | C4: [DC=domain DC=com] | D4: Active Directory base DN for user sync | E4: Yes | F4: String | G4: Valid DN | H4: Public | I4: AD Admin | J4: AD structure | K4: User container path | L4: [DATE]
A5: AD_SYNC_INTERVAL | B5: All | C5: 15 | D5: AD sync interval in minutes | E5: Yes | F5: Integer | G5: 5-60 | H5: Public | I5: AD Admin | J5: AD connection | K5: Balance freshness and load | L5: [DATE]

Sheet Network Integration
A1: Network Integration Parameters
A2: Parameter Name | B2: Environment | C2: Default Value | D2: Description | E2: Required | F2: Data Type | G2: Validation Rules | H2: Security Level | I2: Owner Team | J2: Dependencies | K2: Notes | L2: Last Updated
A3: RADIUS_ENABLED | B3: All | C3: true | D3: Enable RADIUS for VPN MFA | E3: Yes | F3: Boolean | G3: true|false | H3: Public | I3: Network Team | J3: VPN configuration | K3: Cisco AnyConnect integration | L3: [DATE]
A4: RADIUS_PORT | B4: All | C4: 1812 | D4: RADIUS authentication port | E4: Yes | F4: Integer | G4: 1024-65535 | H4: Public | I4: Network Team | J4: Firewall rules | K4: Standard RADIUS port | L4: [DATE]
A5: RADIUS_SECRET | B5: All | C5: [********] | D5: RADIUS shared secret | E5: Yes | F5: String | G5: Min 16 characters | H5: Confidential | I5: Network Team | J5: VPN configuration | K5: Securely generated | L5: [DATE]
A6: VPN_INTEGRATION | B6: All | C6: Cisco AnyConnect | D6: VPN platform for MFA integration | E6: Yes | F6: String | G6: Valid VPN platform | H6: Public | I6: Network Team | J6: RADIUS configuration | K6: RADIUS authentication | L6: [DATE]

Sheet Cloud Integration
A1: Cloud Integration Parameters
A2: Parameter Name | B2: Environment | C2: Default Value | D2: Description | E2: Required | F2: Data Type | G2: Validation Rules | H2: Security Level | I2: Owner Team | J2: Dependencies | K2: Notes | L2: Last Updated
A3: SAML_IDP_ENABLED | B3: All | C3: true | D3: Enable SAML Identity Provider | E3: Yes | F3: Boolean | G3: true|false | H3: Public | I3: Security Team | J3: Cloud SSO | K3: M365 and AWS integration | L3: [DATE]
A4: SAML_ENTITY_ID | B4: All | C4: [https://safeid.domain.com] | D4: SAML IdP entity identifier | E4: Yes | F4: String | G4: Valid URI | H4: Public | I4: Security Team | J4: SAML configuration | K4: Unique IdP identifier | L4: [DATE]
A5: M365_TENANT_ID | B5: All | C5: [********] | D5: Microsoft 365 tenant ID | E5: Yes | F5: String | G5: Valid GUID | H5: Confidential | I5: Cloud Team | J5: M365 configuration | K5: Azure AD tenant | L5: [DATE]
A6: AWS_ACCOUNT_ID | B6: All | C6: [********] | D6: AWS account ID for federation | E6: Yes | F6: String | G6: 12-digit account | H6: Confidential | I6: Cloud Team | J6: AWS configuration | K6: IAM Identity Center | L6: [DATE]

Sheet Compliance
A1: Compliance Parameters
A2: Parameter Name | B2: Environment | C2: Default Value | D2: Description | E2: Required | F2: Data Type | G2: Validation Rules | H2: Security Level | I2: Owner Team | J2: Dependencies | K2: Notes | L2: Last Updated
A3: AUDIT_LOG_RETENTION | B3: All | C3: 1095 | D3: Audit log retention in days (3 years) | E3: Yes | F3: Integer | G3: 365-1825 | H3: Public | I3: Security Team | J3: Compliance requirements | K3: CMMC Level 2 requirement | L3: [DATE]
A4: CMMC_LEVEL | B4: All | C4: Level 2 | D4: Target CMMC compliance level | E4: Yes | F4: String | G4: Level 1|Level 2|Level 3 | H4: Public | I4: Security Team | J4: Compliance scope | K4: DoD contract requirement | L4: [DATE]

Sheet User Experience
A1: User Experience Parameters
A2: Parameter Name | B2: Environment | C2: Default Value | D2: Description | E2: Required | F2: Data Type | G2: Validation Rules | H2: Security Level | I2: Owner Team | J2: Dependencies | K2: Notes | L2: Last Updated
A3: ENROLLMENT_PORTAL_URL | B3: All | C3: [https://enroll.domain.com] | D3: Self-service enrollment portal URL | E3: Yes | F3: String | G3: Valid HTTPS URL | H3: Public | I3: Security Team | J3: DNS and certificate | K3: User-facing enrollment | L3: [DATE]
A4: ENROLLMENT_TIMEOUT | B4: All | C4: 300 | D4: Enrollment session timeout in seconds | E4: Yes | F4: Integer | G4: 120-600 | H4: Public | I4: Security Team | J4: Session security | K4: 5-minute timeout | L4: [DATE]

Sheet Operations
A1: Operations Parameters
A2: Parameter Name | B2: Environment | C2: Default Value | D2: Description | E2: Required | F2: Data Type | G2: Validation Rules | H2: Security Level | I2: Owner Team | J2: Dependencies | K2: Notes | L2: Last Updated
A3: HELPDESK_PORTAL_URL | B3: All | C3: [https://helpdesk.domain.com] | D3: Help desk token management portal | E3: Yes | F3: String | G3: Valid HTTPS URL | H3: Public | I3: IT Security | J3: DNS and certificate | K3: Token recovery and management | L3: [DATE]
A4: TEMP_TOKEN_VALIDITY | B4: All | C4: 24 | D4: Temporary token validity in hours | E4: Yes | F4: Integer | G4: 1-72 | H4: Public | I4: IT Security | J4: Recovery process | K4: 24-hour temp access | L4: [DATE]
A5: HA_FAILOVER_ENABLED | B5: All | C5: true | D5: Enable automatic HA failover | E5: Yes | F5: Boolean | G5: true|false | H5: Public | I5: Security Team | J5: HA configuration | K5: Automatic failover | L5: [DATE]
A6: BACKUP_SCHEDULE | B6: All | C6: Daily 02:00 | D6: Database backup schedule | E6: Yes | F6: String | G6: Valid cron expression | H6: Public | I6: IT Operations | J6: Backup infrastructure | K6: Daily backups | L6: [DATE]
