Workbook

Sheet Cover
B3: [DOCUMENT TITLE]
B4: Infrastructure Costs
B5: Presales Document
B6: Generated: | C6: November 16, 2025
B7: Solution: | C7: November 22, 2025
B8: Customer: | C8: Network Analytics
B9: Version: | C9: [Customer Name]
B10: Status: | C10: Draft
C12: eoframework.org

Sheet Sizing Guidelines
A1: Sizing Guidelines
A2: Category | B2: Component | C2: Small | D2: Medium | E2: Large | F2: Notes
A3: Network Infrastructure | B3: Device Count | C3: 50-100 devices | D3: 100-250 devices | E3: 250-500+ devices | F3: Managed network devices (switches routers APs)
A4: Hardware Appliance | B4: DNA Center Model | C4: DN1-HW-APL | D4: DN2-HW-APL | E4: DN2-HW-APL-L | F4: Appliance model based on device count
A5: High Availability | B5: Secondary Appliance | C5: Optional | D5: Recommended | E5: Required | F5: HA redundancy for production
A6: Software Licensing | B6: DNA License Tier | C6: Essentials | D6: Advantage | E6: Advantage | F6: Feature set and automation capabilities
A7: AI Analytics | B7: AI Network Analytics | C7: Basic | D7: Standard | E7: Advanced | F7: Predictive insights and anomaly detection
A8: SD-Access | B8: Fabric-Enabled Devices | C8: 20-50 devices | D8: 50-100 devices | E8: 100-200+ devices | F8: Software Defined Access fabric devices
A9: Support | B9: Cisco SmartNet | C9: 8x5x4 | D9: 24x7x4 | E9: 24x7x2 | F9: Hardware replacement SLA

Sheet Infrastructure Costs
A1: Infrastructure Costs
A2: Category | B2: Component | C2: Description | D2: Quantity | E2: Unit | F2: Unit Price | G2: Annual Cost | H2: Year 2 | I2: Year 3 | J2: 3-Year Total | K2: Notes
A3: Hardware | B3: Cisco DNA Center Appliance | C3: DN2-HW-APL for 200 devices | D3: 1 | E3: Appliance | F3: 60000 | G3: 60000 | H3: 0 | I3: 0 | J3: 60000 | K3: One-time hardware purchase
A4: Hardware | B4: DNA Center HA Secondary | C4: DN2-HW-APL secondary for high availability | D4: 1 | E4: Appliance | F4: 60000 | G4: 60000 | H4: 0 | I4: 0 | J4: 60000 | K4: Optional HA redundancy
A5: Software | B5: DNA Advantage License | C5: Per-device annual subscription (200 devices) | D5: 200 | E5: Devices/Year | F5: 300 | G5: =D5*F5 | H5: =G5 | I5: =G5 | J5: =G5+H5+I5 | K5: Network automation and assurance
A6: Software | B6: AI Network Analytics | C6: AI/ML analytics per device (200 devices) | D6: 200 | E6: Devices/Year | F6: 150 | G6: =D6*F6 | H6: =G6 | I6: =G6 | J6: =G6+H6+I6 | K6: Predictive analytics and insights
A7: Software | B7: SD-Access License | C7: Fabric-enabled device licenses (100 devices) | D7: 100 | E7: Devices/Year | F7: 200 | G7: =D7*F7 | H7: =G7 | I7: =G7 | J7: =G7+H7+I7 | K7: Software Defined Access fabric
A8: Support | B8: Cisco SmartNet 24x7x4 | C8: Hardware support for appliances (2 units) | D8: 2 | E8: Appliances/Year | F8: 9000 | G8: =D8*F8 | H8: =G8 | I8: =G8 | J8: =G8+H8+I8 | K8: 24x7 support with 4-hour replacement
A9: Professional Services | B9: Network Discovery & Assessment | C9: Current state analysis and device inventory | D9: 40 | E9: Hours | F9: 225 | G9: =D9*F9 | H9: =G9*0 | I9: =G9*0 | J9: =G9+H9+I9 | K9: Network assessment and planning
A10: Professional Services | B10: DNA Center Deployment | C10: Appliance installation and initial configuration | D10: 60 | E10: Hours | F10: 225 | G10: =D10*F10 | H10: =G10*0 | I10: =G10*0 | J10: =G10+H10+I10 | K10: Deployment and setup
A11: Professional Services | B11: Device Onboarding | C11: Onboard 200 devices into DNA Center | D11: 80 | E11: Hours | F11: 200 | G11: =D11*F11 | H11: =G11*0 | I11: =G11*0 | J11: =G11+H11+I11 | K11: Device discovery and integration
A12: Professional Services | B12: Policy & Automation Setup | C12: Network policies templates and automation workflows | D12: 60 | E12: Hours | F12: 200 | G12: =D12*F12 | H12: =G12*0 | I12: =G12*0 | J12: =G12+H12+I12 | K12: Automation configuration
A13: Professional Services | B13: AI Analytics Configuration | C13: Assurance and insights configuration | D13: 40 | E13: Hours | F13: 225 | G13: =D13*F13 | H13: =G13*0 | I13: =G13*0 | J13: =G13+H13+I13 | K13: AI/ML analytics setup
A14: Professional Services | B14: SD-Access Fabric Design | C14: Optional fabric design for 100 devices | D14: 40 | E14: Hours | F14: 250 | G14: =D14*F14 | H14: =G14*0 | I14: =G14*0 | J14: =G14+H14+I14 | K14: SD-Access architecture (optional)
A15: Professional Services | B15: Training | C15: Administrator and operations training | D15: 32 | E15: Hours | F15: 175 | G15: =D15*F15 | H15: =G15*0 | I15: =G15*0 | J15: =G15+H15+I15 | K15: Team enablement and knowledge transfer
A16: TOTAL | G16: =SUM(G3:G15) | H16: =SUM(H3:H15) | I16: =SUM(I3:I15) | J16: =SUM(J3:J15)

Sheet Credits
A1: Credits
A2: Category | B2: Credit Type | C2: Credit Amount | D2: Credit Comments
A3: Hardware | B3: Hardware Trade-In | C3: 0 | D3: No hardware trade-in credits available
A4: Software | B4: DNA License Promotion | C4: -20000 | D4: Year 1 DNA license 33% discount promotion
A5: Support | B5: SmartNet Renewal | C5: 0 | D5: No support renewal credits
A6: Professional Services | B6: Implementation Credit | C6: 0 | D6: No services credits available

Sheet 3-Year Summary
A1: 3-Year Summary
A2: Category | B2: Year 1 List | C2: Year 1 Credits | D2: Year 1 Net | E2: Year 2 | F2: Year 3 | G2: 3-Year Total
A3: Hardware | B3: =SUMIF('Infrastructure Costs'!$A:$A,A3,'Infrastructure Costs'!$G:$G) | C3: =SUMIF(Credits!$A:$A,A3,Credits!$C:$C) | D3: =B3+C3 | E3: =SUMIF('Infrastructure Costs'!$A:$A,A3,'Infrastructure Costs'!$H:$H) | F3: =SUMIF('Infrastructure Costs'!$A:$A,A3,'Infrastructure Costs'!$I:$I) | G3: =D3+E3+F3
A4: Software | B4: =SUMIF('Infrastructure Costs'!$A:$A,A4,'Infrastructure Costs'!$G:$G) | C4: =SUMIF(Credits!$A:$A,A4,Credits!$C:$C) | D4: =B4+C4 | E4: =SUMIF('Infrastructure Costs'!$A:$A,A4,'Infrastructure Costs'!$H:$H) | F4: =SUMIF('Infrastructure Costs'!$A:$A,A4,'Infrastructure Costs'!$I:$I) | G4: =D4+E4+F4
A5: Support | B5: =SUMIF('Infrastructure Costs'!$A:$A,A5,'Infrastructure Costs'!$G:$G) | C5: =SUMIF(Credits!$A:$A,A5,Credits!$C:$C) | D5: =B5+C5 | E5: =SUMIF('Infrastructure Costs'!$A:$A,A5,'Infrastructure Costs'!$H:$H) | F5: =SUMIF('Infrastructure Costs'!$A:$A,A5,'Infrastructure Costs'!$I:$I) | G5: =D5+E5+F5
A6: Professional Services | B6: =SUMIF('Infrastructure Costs'!$A:$A,A6,'Infrastructure Costs'!$G:$G) | C6: =SUMIF(Credits!$A:$A,A6,Credits!$C:$C) | D6: =B6+C6 | E6: =SUMIF('Infrastructure Costs'!$A:$A,A6,'Infrastructure Costs'!$H:$H) | F6: =SUMIF('Infrastructure Costs'!$A:$A,A6,'Infrastructure Costs'!$I:$I) | G6: =D6+E6+F6
A7: TOTAL | B7: =SUM(B3:B6) | C7: =SUM(C3:C6) | D7: =SUM(D3:D6) | E7: =SUM(E3:E6) | F7: =SUM(F3:F6) | G7: =SUM(G3:G6)
