Workbook

Sheet Cover
B3: [DOCUMENT TITLE]
B4: Level of Effort
A5: JUNIPER - Cyber-Security - Srx Firewall Platform
B6: Generated: | C6: November 16, 2025
B7: Solution: | C7: [Solution Name]
B8: Customer: | C8: [Customer Name]
B9: Version: | C9: 1.0
B10: Status: | C10: Draft
C12: eoframework.org

Sheet Scope Assumptions
A1: SCOPE ASSUMPTIONS - BASELINE (MULTIPLIER 1.0)
A2: Category | B2: Baseline Assumption | C2: Current Scope | D2: Small (1x) | E2: Medium (2x) | F2: Large (3x) | G2: Notes
A3: Solution Scope | B3: Datacenter Firewalls | C3: 2 SRX4600 (HA pair) | D3: 2 SRX4600 (HA pair) | E3: 4 SRX5400 (2 HA pairs) | F3: 8+ SRX5800 (4 HA pairs) | G3: Enterprise datacenter firewall deployment
A4: Solution Scope | B4: Branch Firewalls | C4: 10 SRX300 branch sites | D4: 10 SRX300 branch sites | E4: 25 SRX345 branch sites | F4: 50+ SRX380 branch sites | G4: Branch office firewall and SD-WAN deployment
A5: Integration | B5: Firewall Rules to Migrate | C5: 500 firewall rules | D5: 500 firewall rules | E5: 1500 firewall rules | F5: 3000+ firewall rules | G5: Policy migration from legacy ASA or firewall platform
A6: Integration | B6: External System Integrations | C6: 2 integrations (SIEM NAC) | D6: 2 integrations (SIEM NAC) | E6: 4-6 systems | F6: 8+ systems or complex protocols | G6: SIEM NAC authentication and management integration
A7: Integration | B7: VPN Tunnels | C7: 30 site-to-site + 100 SSL VPN | D7: 30 site-to-site + 100 SSL VPN | E7: 100 site-to-site + 500 SSL VPN | F7: 300+ site-to-site + 1500 SSL VPN | G7: IPsec VPN tunnels and SSL VPN remote users
A8: User Base | B8: Network Administrators | C8: 4 firewall administrators | D8: 2-4 administrators | E8: 6-10 administrators | F8: 15+ administrators | G8: Firewall administrators and security operators
A9: User Base | B9: Remote Users | C9: 100 SSL VPN users | D9: 100 SSL VPN users | E9: 500 SSL VPN users | F9: 1500+ SSL VPN users | G9: Remote access SSL VPN concurrent users
A10: Data Volume | B10: Firewall Throughput | C10: 80 Gbps datacenter firewall | D10: 80 Gbps datacenter | E10: 160 Gbps datacenter | F10: 400+ Gbps datacenter | G10: Total firewall throughput with security services
A11: Data Volume | B11: IPS Throughput | C11: 40 Gbps IPS inspection | D11: 40 Gbps IPS | E11: 80 Gbps IPS | F11: 200+ Gbps IPS | G11: Intrusion prevention system throughput
A12: Technical Environment | B12: Deployment Locations | C12: 1 datacenter + 10 branches | D12: 1 datacenter + 10 branches | E12: 2 datacenters + 25 branches | F12: 4+ datacenters + 50+ branches | G12: Geographic distribution for firewall deployment
A13: Technical Environment | B13: Availability Requirements | C13: High availability (99.9%) | D13: High availability (99.9%) | E13: Mission critical (99.95%) | F13: Five nines (99.99%+) | G13: SLA for firewall uptime and failover
... A19: Environment | B19: Deployment Environments | C19: 2 environments (lab prod) | D19: 2 environments (lab prod) | E19: 3 environments (lab stage prod) | F19: 4+ environments with DR | G19: Environment management for firewall deployment

Sheet Estimate Settings
A1: ESTIMATE SETTINGS
A2: Phase | B2: Variable Name | C2: Multiplier | D2: Description / Applies To Tasks
A3: Discovery | B3: DISCOVERY_MX | C3: 1 | D3: All Discovery phase tasks (Security Architecture Assessment, Policy Migration Analysis, Network Topology Documentation, Requirements Gathering)
A4: Planning | B4: PLANNING_MX | C4: 1 | D4: All Planning phase tasks (SRX Security Architecture Design, Policy Migration Strategy, SD-WAN Design, Implementation Planning)
A5: Development | B5: DEVELOPMENT_MX | C5: 1 | D5: All Development phase tasks (Lab Environment Setup, Datacenter/Branch SRX Deployment, Security Policy Implementation, Advanced Security Services, VPN Configuration, Security Director Setup, SIEM Integration)
A6: Testing | B6: TESTING_MX | C6: 1 | D6: All Testing phase tasks (Lab Validation Testing, Performance Testing, HA Failover Testing, Security Validation, User Acceptance Testing)
A7: Deployment | B7: DEPLOYMENT_MX | C7: 1 | D7: All Deployment phase tasks (Datacenter Production Cutover, Branch Production Deployment, Go-Live Support)
A8: Training | B8: TRAINING_MX | C8: 1 | D8: All Training phase tasks (SRX Administrator Training, Security Operations Training, Documentation Development)
A9: Closeout | B9: CLOSEOUT_MX | C9: 1 | D9: All Closeout phase tasks (Knowledge Transfer, Performance Baseline)
A10: Management | B10: MANAGEMENT_MX | C10: 1.5 | D10: Project Management overhead - 10% of actual engineering hours
A11: Leadership | B11: LEADERSHIP_MX | C11: 1.5 | D11: Quarterback/Technical Leadership overhead - 10% of actual engineering hours
A13: EO Sales Engineer Updates Multipliers Based on Customer Scope

Sheet LOE
A1: Level of Effort
A2: Phase | B2: Work Package | C2: Task Description | D2: Resource Type | E2: Base Hours | F2: Effort Multiplier | G2: Actual Hours | H2: Rate | I2: Cost Estimate | J2: Dependencies | K2: Notes
A3: Discovery | B3: Security Architecture Assessment | C3: Analyze current firewall infrastructure security policies and network topology | D3: EO Engineer | E3: 40 | F3: ='Estimate Settings'!$C$3 | G3: =$E3*$F3 | H3: 225 | I3: =TEXT($G3*$H3,"$#,##0") | K3: Document existing ASA/firewall rules and security zones for migration analysis
A4: Discovery | B4: Policy Migration Analysis | C4: Review and analyze 500+ firewall rules for migration and optimization | D4: EO Engineer | E4: 48 | F4: ='Estimate Settings'!$C$3 | G4: =$E4*$F4 | H4: 225 | I4: =TEXT($G4*$H4,"$#,##0") | K4: Identify redundant rules consolidation opportunities and policy cleanup
A5: Discovery | B5: Network Topology Documentation | C5: Document datacenter and branch network architecture with traffic flows | D5: EO Engineer | E5: 24 | F5: ='Estimate Settings'!$C$3 | G5: =$E5*$F5 | H5: 200 | I5: =TEXT($G5*$H5,"$#,##0") | K5: Include all security zones DMZ trust untrust and cloud connectivity
A6: Discovery | B6: Requirements Gathering | C6: Conduct stakeholder interviews for security and compliance requirements | D6: EO Engineer | E6: 16 | F6: ='Estimate Settings'!$C$3 | G6: =$E6*$F6 | H6: 200 | I6: =TEXT($G6*$H6,"$#,##0") | K6: PCI DSS SOC 2 compliance and audit requirements documentation
A7: Planning | B7: SRX Security Architecture Design | C7: Design security zones segmentation and SRX HA architecture | D7: EO Engineer | E7: 56 | F7: ='Estimate Settings'!$C$4 | G7: =$E7*$F7 | H7: 225 | I7: =TEXT($G7*$H7,"$#,##0") | J7: Security Architecture Assessment | K7: Deliverable: Multi-zone design with DMZ trust untrust and management zones
A8: Planning | B8: Policy Migration Strategy | C8: Develop policy migration approach with optimization and testing plan | D8: EO Engineer | E8: 40 | F8: ='Estimate Settings'!$C$4 | G8: =$E8*$F8 | H8: 225 | I8: =TEXT($G8*$H8,"$#,##0") | J8: Policy Migration Analysis | K8: Lab validation before production deployment with rollback procedures
A9: Planning | B9: SD-WAN Design | C9: Design branch SD-WAN architecture with application-based routing | D9: EO Engineer | E9: 32 | F9: ='Estimate Settings'!$C$4 | G9: =$E9*$F9 | H9: 200 | I9: =TEXT($G9*$H9,"$#,##0") | J9: SRX Security Architecture Design | K9: 10 branch sites with SRX300 and centralized Security Director management
A10: Planning | B10: Implementation Planning | C10: Develop detailed cutover strategy and timeline with risk mitigation | D10: EO Engineer | E10: 24 | F10: ='Estimate Settings'!$C$4 | G10: =$E10*$F10 | H10: 150 | I10: =TEXT($G10*$H10,"$#,##0") | J10: Policy Migration Strategy | K10: Deliverable: Zero-downtime parallel deployment approach with maintenance windows
A11: Development | B11: Lab Environment Setup | C11: Build lab validation environment for SRX testing and policy validation | D11: EO Engineer | E11: 32 | F11: ='Estimate Settings'!$C$5 | G11: =$E11*$F11 | H11: 180 | I11: =TEXT($G11*$H11,"$#,##0") | J11: Implementation Planning | K11: Replicate production network zones for accurate firewall testing
A12: Development | B12: Datacenter SRX4600 Deployment | C12: Deploy and configure SRX4600 HA pair with base networking and routing | D12: EO Engineer | E12: 64 | F12: ='Estimate Settings'!$C$5 | G12: =$E12*$F12 | H12: 200 | I12: =TEXT($G12*$H12,"$#,##0") | J12: Lab Environment Setup | K12: Active/passive HA with sub-second failover and chassis cluster configuration
A13: Development | B13: Security Policy Implementation | C13: Migrate and implement 500+ firewall rules with optimization | D13: EO Engineer | E13: 72 | F13: ='Estimate Settings'!$C$5 | G13: =$E13*$F13 | H13: 200 | I13: =TEXT($G13*$H13,"$#,##0") | J13: Datacenter SRX4600 Deployment | K13: Zone-based policies with application control ALG and logging
A14: Development | B14: Advanced Security Services | C14: Configure IPS ATP Cloud SecIntel and SSL inspection | D14: EO Engineer | E14: 48 | F14: ='Estimate Settings'!$C$5 | G14: =$E14*$F14 | H14: 225 | I14: =TEXT($G14*$H14,"$#,##0") | J14: Security Policy Implementation | K14: 40 Gbps IPS 20 Gbps SSL inspection with threat intelligence feeds
A15: Development | B15: Branch SRX300 Deployment | C15: Deploy and configure 10 branch SRX300 firewalls with SD-WAN | D15: EO Engineer | E15: 80 | F15: ='Estimate Settings'!$C$5 | G15: =$E15*$F15 | H15: 200 | I15: =TEXT($G15*$H15,"$#,##0") | J15: Advanced Security Services | K15: Standardized security policies and SD-WAN routing across all branch locations
A16: Development | B16: VPN Configuration | C16: Configure 30 site-to-site IPsec VPN and 100 SSL VPN for remote users | D16: EO Engineer | E16: 40 | F16: ='Estimate Settings'!$C$5 | G16: =$E16*$F16 | H16: 200 | I16: =TEXT($G16*$H16,"$#,##0") | J16: Branch SRX300 Deployment | K16: AWS Azure GCP cloud VPN tunnels and branch-to-datacenter connectivity
A17: Development | B17: Security Director Setup | C17: Deploy and configure Junos Space Security Director for centralized management | D17: EO Engineer | E17: 32 | F17: ='Estimate Settings'!$C$5 | G17: =$E17*$F17 | H17: 200 | I17: =TEXT($G17*$H17,"$#,##0") | J17: VPN Configuration | K17: Centralized policy management visibility and compliance reporting for all SRX devices
A18: Development | B18: SIEM Integration | C18: Integrate SRX with Splunk SIEM for security event correlation and alerting | D18: EO Engineer | E18: 24 | F18: ='Estimate Settings'!$C$5 | G18: =$E18*$F18 | H18: 200 | I18: =TEXT($G18*$H18,"$#,##0") | J18: Security Director Setup | K18: Syslog forwarding for threat logs traffic logs and NetFlow integration
A19: Testing | B19: Lab Validation Testing | C19: Test policy migration HA failover and performance in lab environment | D19: EO Engineer | E19: 40 | F19: ='Estimate Settings'!$C$6 | G19: =$E19*$F19 | H19: 200 | I19: =TEXT($G19*$H19,"$#,##0") | J19: SIEM Integration | K19: Validate all security policies before production deployment
A20: Testing | B20: Performance Testing | C20: Conduct throughput testing with 80 Gbps firewall and 40 Gbps IPS | D20: EO Engineer | E20: 24 | F20: ='Estimate Settings'!$C$6 | G20: =$E20*$F20 | H20: 200 | I20: =TEXT($G20*$H20,"$#,##0") | J20: Lab Validation Testing | K20: Validate performance with all security services enabled under load
A21: Testing | B21: HA Failover Testing | C21: Test active/passive failover and traffic recovery | D21: EO Engineer | E21: 16 | F21: ='Estimate Settings'!$C$6 | G21: =$E21*$F21 | H21: 200 | I21: =TEXT($G21*$H21,"$#,##0") | J21: Performance Testing | K21: Sub-second failover with zero packet loss validation
A22: Testing | B22: Security Validation | C22: Validate IPS ATP and SSL inspection threat detection | D22: EO Engineer | E22: 24 | F22: ='Estimate Settings'!$C$6 | G22: =$E22*$F22 | H22: 225 | I22: =TEXT($G22*$H22,"$#,##0") | J22: HA Failover Testing | K22: Test malware detection command and control blocking and threat prevention
A23: Testing | B23: User Acceptance Testing | C23: Coordinate UAT with network and security teams for production readiness | D23: EO Engineer | E23: 32 | F23: ='Estimate Settings'!$C$6 | G23: =$E23*$F23 | H23: 150 | I23: =TEXT($G23*$H23,"$#,##0") | J23: Security Validation | K23: Validate all security zones VPN tunnels and SD-WAN functionality
A24: Deployment | B24: Datacenter Production Cutover | C24: Migrate datacenter traffic zone-by-zone to SRX4600 with rollback capability | D24: EO Engineer | E24: 48 | F24: ='Estimate Settings'!$C$7 | G24: =$E24*$F24 | H24: 225 | I24: =TEXT($G24*$H24,"$#,##0") | J24: User Acceptance Testing | K24: Parallel deployment during maintenance windows with incremental cutover
A25: Deployment | B25: Branch Production Deployment | C25: Deploy and cutover production traffic at 10 branch locations | D25: EO Engineer | E25: 40 | F25: ='Estimate Settings'!$C$7 | G25: =$E25*$F25 | H25: 200 | I25: =TEXT($G25*$H25,"$#,##0") | J25: Datacenter Production Cutover | K25: Pilot site deployment first then standardized rollout to remaining branches
A26: Deployment | B26: Go-Live Support | C26: Provide 24x7 support during production cutover and stabilization | D26: EO Engineer | E26: 80 | F26: ='Estimate Settings'!$C$7 | G26: =$E26*$F26 | H26: 200 | I26: =TEXT($G26*$H26,"$#,##0") | J26: Branch Production Deployment | K26: First 2 weeks post-deployment with on-call support and rapid issue resolution
A27: Training | B27: SRX Administrator Training | C27: Train firewall administrators on SRX management Junos OS and troubleshooting | D27: EO Engineer | E27: 16 | F27: ='Estimate Settings'!$C$8 | G27: =$E27*$F27 | H27: 200 | I27: =TEXT($G27*$H27,"$#,##0") | J27: Datacenter Production Cutover | K27: 2-day hands-on training for up to 8 network and security administrators
A28: Training | B28: Security Operations Training | C28: Train SOC team on policy management threat investigation and Security Director | D28: EO Engineer | E28: 8 | F28: ='Estimate Settings'!$C$8 | G28: =$E28*$F28 | H28: 200 | I28: =TEXT($G28*$H28,"$#,##0") | J28: SRX Administrator Training | K28: 1-day training for security operations and monitoring teams
A29: Training | B29: Documentation Development | C29: Create as-built diagrams runbooks and operational procedures | D29: EO Engineer | E29: 40 | F29: ='Estimate Settings'!$C$8 | G29: =$E29*$F29 | H29: 150 | I29: =TEXT($G29*$H29,"$#,##0") | J29: Security Operations Training | K29: Deliverable: Architecture diagrams configuration guides and troubleshooting runbooks
A30: Closeout | B30: Knowledge Transfer | C30: Transfer solution ownership to client operations and security teams | D30: EO Engineer | E30: 16 | F30: ='Estimate Settings'!$C$9 | G30: =$E30*$F30 | H30: 200 | I30: =TEXT($G30*$H30,"$#,##0") | J30: Documentation Development | K30: Comprehensive handover including operational procedures escalation paths and maintenance
A31: Closeout | B31: Performance Baseline | C31: Establish performance baselines security metrics and monitoring SLAs | D31: EO Engineer | E31: 8 | F31: ='Estimate Settings'!$C$9 | G31: =$E31*$F31 | H31: 150 | I31: =TEXT($G31*$H31,"$#,##0") | J31: Knowledge Transfer | K31: Throughput metrics security events blocked threats and uptime monitoring
A32: Management | B32: Technical Leadership | C32: Security architecture oversight and technical review throughout project | D32: EO Quarterback | E32: =ROUND(SUM($G$3:$G$31)*0.10,0) | F32: ='Estimate Settings'!$C$11 | G32: =$E32*$F32 | H32: 225 | I32: =TEXT($G32*$H32,"$#,##0") | K32: 25% of engineering effort for architecture guidance and technical escalation
A33: Management | B33: Project Management | C33: Project coordination stakeholder management and timeline oversight | D33: EO Project Manager | E33: =ROUND(SUM($G$3:$G$31)*0.10,0) | F33: ='Estimate Settings'!$C$10 | G33: =$E33*$F33 | H33: 150 | I33: =TEXT($G33*$H33,"$#,##0") | K33: 20% of engineering effort for project delivery and stakeholder coordination
F34: TOTAL HOURS | G34: =SUM($G$3:$G$33) | H34: TOTAL COST | I34: =TEXT(SUMPRODUCT($G$3:$G$33,$H$3:$H$33),"$#,##0") | K34: EO Sales Engineer: Update phase-based multipliers in Estimate Settings based on firewall deployment scope

Sheet Credits
A1: Credits - Applied to Total Cost (Year 1 Only)
A2: Credit Type | B2: Credit Amount | C2: Credit Comments
A3: Juniper Partner Services Credit | B3: -12000 | C3: Juniper Partner Network credit for security architecture and SRX deployment services
A4: Implementation Discount | B4: 0 | C4: No implementation discount applicable
A5: TOTAL | B5: =SUMPRODUCT($G$3:$G$33,$H$3:$H$33)-12000
