Workbook

Sheet Cover
B3: [DOCUMENT TITLE]
B4: Level of Effort
A5: AZURE - Cyber-Security - Sentinel Siem
B6: Generated: | C6: November 16, 2025
B7: Solution: | C7: [Solution Name]
B8: Customer: | C8: [Customer Name]
B9: Version: | C9: 1.0
B10: Status: | C10: Draft
C12: eoframework.org

Sheet Scope Assumptions
A1: SCOPE ASSUMPTIONS - BASELINE (MULTIPLIER 1.0)
A2: Category | B2: Baseline Assumption | C2: Current Scope | D2: Small (1x) | E2: Medium (2x) | F2: Large (3x) | G2: Notes
A3: Solution Scope | B3: Data Connectors | C3: 10-15 connectors | D3: 10-15 connectors | E3: Enhanced data connectors | F3: Enterprise-scale data connectors | G3: Sizing parameter for Data Connectors
A4: Solution Scope | B4: Analytics Rules | C4: 50 custom detection rules | D4: 50 custom detection rules | E4: Enhanced analytics rules | F4: Enterprise-scale analytics rules | G4: Sizing parameter for Analytics Rules
A5: Integration | B5: Log Sources | C5: Azure AD Office365 Firewall Endpoints | D5: Azure AD Office365 Firewall Endpoints | E5: Enhanced log sources | F5: Enterprise-scale log sources | G5: Sizing parameter for Log Sources
A6: Integration | B6: SOAR Playbooks | C6: 10 automated playbooks | D6: 10 automated playbooks | E6: Enhanced soar playbooks | F6: Enterprise-scale soar playbooks | G6: Sizing parameter for SOAR Playbooks
A7: User Base | B7: Total Users | C7: 10 SOC analysts | D7: 10 SOC analysts | E7: Enhanced total users | F7: Enterprise-scale total users | G7: Sizing parameter for Total Users
A8: User Base | B8: User Roles | C8: 3 roles (analyst engineer admin) | D8: 3 roles (analyst engineer admin) | E8: Enhanced user roles | F8: Enterprise-scale user roles | G8: Sizing parameter for User Roles
A9: Data Volume | B9: Daily Log Ingestion | C9: 50 GB/day | D9: 50 GB/day | E9: Enhanced daily log ingestion | F9: Enterprise-scale daily log ingestion | G9: Sizing parameter for Daily Log Ingestion
A10: Data Volume | B10: Retention Period | C10: 90 days hot 2 years archive | D10: 90 days hot 2 years archive | E10: Enhanced retention period | F10: Enterprise-scale retention period | G10: Sizing parameter for Retention Period
A11: Technical Environment | B11: Deployment Regions | C11: Single Azure region (East US) | D11: Single Azure region (East US) | E11: Enhanced deployment regions | F11: Enterprise-scale deployment regions | G11: Sizing parameter for Deployment Regions
A12: Technical Environment | B12: Availability Requirements | C12: 24/7 monitoring | D12: 24/7 monitoring | E12: Enhanced availability requirements | F12: Enterprise-scale availability requirements | G12: Sizing parameter for Availability Requirements
A13: Technical Environment | B13: Infrastructure Complexity | C13: Log Analytics + Sentinel workspace | D13: Log Analytics + Sentinel workspace | E13: Enhanced infrastructure complexity | F13: Enterprise-scale infrastructure complexity | G13: Sizing parameter for Infrastructure Complexity
... A18: Environment | B18: Deployment Environments | C18: 2 environments (dev prod) | D18: 2 environments (dev prod) | E18: Enhanced deployment environments | F18: Enterprise-scale deployment environments | G18: Sizing parameter for Deployment Environments

Sheet Estimate Settings
A1: ESTIMATE SETTINGS - EO Sales Engineer Updates Multipliers Based on Customer Scope
A2: Phase | B2: Variable Name | C2: Multiplier | D2: Description / Applies To Tasks
A3: Discovery | B3: DISCOVERY_MX | C3: 1 | D3: All Discovery phase tasks
A4: Planning | B4: PLANNING_MX | C4: 1 | D4: All Planning phase tasks
A5: Development | B5: DEVELOPMENT_MX | C5: 1 | D5: All Development phase tasks
A6: Testing | B6: TESTING_MX | C6: 1 | D6: All Testing phase tasks
A7: Deployment | B7: DEPLOYMENT_MX | C7: 1 | D7: All Deployment phase tasks
A8: Training | B8: TRAINING_MX | C8: 1 | D8: All Training phase tasks
A9: Closeout | B9: CLOSEOUT_MX | C9: 1 | D9: All Closeout phase tasks
A10: Management | B10: MANAGEMENT_MX | C10: 1.5 | D10: Project Management overhead
A11: Leadership | B11: LEADERSHIP_MX | C11: 1.5 | D11: Technical Leadership overhead
A14: EO Sales Engineer Updates Multipliers Based on Customer Scope

Sheet LOE
A1: Level of Effort
A2: Phase | B2: Work Package | C2: Task Description | D2: Resource Type | E2: Base Hours | F2: Effort Multiplier | G2: Actual Hours | H2: Rate | I2: Cost Estimate | J2: Dependencies | K2: Notes
A3: Discovery | B3: Security Requirements Gathering | C3: Conduct security stakeholder interviews and threat modeling | D3: EO Engineer | E3: 40 | F3: ='Estimate Settings'!$C$24 | G3: =$E3*$F3 | H3: 150 | I3: =TEXT($G3*$H3 | J3: $# | K3: ##0"")
A4: Discovery | B4: Current Security Assessment | C4: Analyze existing security tools logs and incident response | D4: EO Engineer | E4: 32 | F4: ='Estimate Settings'!$C$24 | G4: =$E4*$F4 | H4: 200 | I4: =TEXT($G4*$H4 | J4: $# | K4: ##0"")
A5: Discovery | B5: Azure Security Assessment | C5: Evaluate Azure security services (Sentinel Defender Security Center) | D5: EO Engineer | E5: 24 | F5: ='Estimate Settings'!$C$24 | G5: =$E5*$F5 | H5: 200 | I5: =TEXT($G5*$H5 | J5: $# | K5: ##0"")
A6: Discovery | B6: Compliance Review | C6: Assess regulatory requirements and security frameworks | D6: EO Engineer | E6: 16 | F6: ='Estimate Settings'!$C$24 | G6: =$E6*$F6 | H6: 175 | I6: =TEXT($G6*$H6 | J6: $# | K6: ##0"")
A7: Planning | B7: SIEM Architecture Design | C7: Design Azure Sentinel architecture and data connectors | D7: EO Engineer | E7: 48 | F7: ='Estimate Settings'!$C$25 | G7: =$E7*$F7 | H7: 200 | I7: =TEXT($G7*$H7 | J7: $# | K7: ##0"")
A8: Planning | B8: Security Playbook Design | C8: Design incident response playbooks and automation workflows | D8: EO Engineer | E8: 32 | F8: ='Estimate Settings'!$C$25 | G8: =$E8*$F8 | H8: 180 | I8: =TEXT($G8*$H8 | J8: $# | K8: ##0"")
A9: Planning | B9: Security Governance | C9: Design security policies roles and access controls | D9: EO Engineer | E9: 24 | F9: ='Estimate Settings'!$C$25 | G9: =$E9*$F9 | H9: 175 | I9: =TEXT($G9*$H9 | J9: $# | K9: ##0"")
A10: Planning | B10: Project Planning | C10: Develop security implementation timeline and resource allocation | D10: EO Engineer | E10: 24 | F10: ='Estimate Settings'!$C$25 | G10: =$E10*$F10 | H10: 140 | I10: =TEXT($G10*$H10 | J10: $# | K10: ##0"")
A11: Development | B11: Azure Sentinel Deployment | C11: Deploy and configure Azure Sentinel workspace and connectors | D11: EO Engineer | E11: 40 | F11: ='Estimate Settings'!$C$26 | G11: =$E11*$F11 | H11: 160 | I11: =TEXT($G11*$H11 | J11: $# | K11: ##0"")
A12: Development | B12: Log Analytics Configuration | C12: Configure log collection parsing normalization and enrichment | D12: EO Engineer | E12: 60 | F12: ='Estimate Settings'!$C$26 | G12: =$E12*$F12 | H12: 145 | I12: =TEXT($G12*$H12 | J12: $# | K12: ##0"")
A13: Development | B13: Security Rules and Detection | C13: Build detection rules alerts and threat hunting queries | D13: EO Engineer | E13: 80 | F13: ='Estimate Settings'!$C$26 | G13: =$E13*$F13 | H13: 170 | I13: =TEXT($G13*$H13 | J13: $# | K13: ##0"")
A14: Development | B14: Incident Response Automation | C14: Build automated response playbooks and SOAR workflows | D14: EO Engineer | E14: 48 | F14: ='Estimate Settings'!$C$26 | G14: =$E14*$F14 | H14: 165 | I14: =TEXT($G14*$H14 | J14: $# | K14: ##0"")
A15: Development | B15: Security Dashboard and Reporting | C15: Create SOC dashboards executive reporting and metrics | D15: EO Engineer | E15: 40 | F15: ='Estimate Settings'!$C$26 | G15: =$E15*$F15 | H15: 130 | I15: =TEXT($G15*$H15 | J15: $# | K15: ##0"")
A16: Development | B16: Integration Development | C16: Build integrations with existing security tools and ITSM | D16: EO Engineer | E16: 32 | F16: ='Estimate Settings'!$C$26 | G16: =$E16*$F16 | H16: 155 | I16: =TEXT($G16*$H16 | J16: $# | K16: ##0"")
A17: Testing | B17: Unit Testing | C17: Develop automated tests for all solution components | D17: EO Engineer | E17: 32 | F17: ='Estimate Settings'!$C$27 | G17: =$E17*$F17 | H17: 120 | I17: =TEXT($G17*$H17 | J17: $# | K17: ##0"")
A18: Testing | B18: Integration Testing | C18: Test system integrations data flows and external dependencies | D18: EO Engineer | E18: 40 | F18: ='Estimate Settings'!$C$27 | G18: =$E18*$F18 | H18: 120 | I18: =TEXT($G18*$H18 | J18: $# | K18: ##0"")
A19: Testing | B19: Performance Testing | C19: Conduct load performance and scalability testing | D19: EO Engineer | E19: 24 | F19: ='Estimate Settings'!$C$27 | G19: =$E19*$F19 | H19: 140 | I19: =TEXT($G19*$H19 | J19: $# | K19: ##0"")
A20: Testing | B20: Security Testing | C20: Perform security assessments penetration testing and compliance validation | D20: EO Engineer | E20: 16 | F20: ='Estimate Settings'!$C$27 | G20: =$E20*$F20 | H20: 175 | I20: =TEXT($G20*$H20 | J20: $# | K20: ##0"")
A21: Testing | B21: User Acceptance Testing | C21: Coordinate UAT with business users and stakeholders | D21: EO Engineer | E21: 32 | F21: ='Estimate Settings'!$C$27 | G21: =$E21*$F21 | H21: 150 | I21: =TEXT($G21*$H21 | J21: $# | K21: ##0"")
A22: Deployment | B22: Production Deployment | C22: Deploy solution to production environment with monitoring | D22: EO Engineer | E22: 24 | F22: ='Estimate Settings'!$C$28 | G22: =$E22*$F22 | H22: 160 | I22: =TEXT($G22*$H22 | J22: $# | K22: ##0"")
A23: Deployment | B23: Go-Live Support | C23: Provide comprehensive support during initial production rollout | D23: EO Engineer | E23: 48 | F23: ='Estimate Settings'!$C$28 | G23: =$E23*$F23 | H23: 110 | I23: =TEXT($G23*$H23 | J23: $# | K23: ##0"")
A24: Training | B24: Administrator Training | C24: Train system administrators and technical support teams | D24: EO Engineer | E24: 16 | F24: ='Estimate Settings'!$C$29 | G24: =$E24*$F24 | H24: 130 | I24: =TEXT($G24*$H24 | J24: $# | K24: ##0"")
A25: Training | B25: End User Training | C25: Train business users on solution functionality and workflows | D25: EO Engineer | E25: 24 | F25: ='Estimate Settings'!$C$29 | G25: =$E25*$F25 | H25: 120 | I25: =TEXT($G25*$H25 | J25: $# | K25: ##0"")
A26: Training | B26: Documentation | C26: Create comprehensive technical and user documentation | D26: EO Engineer | E26: 32 | F26: ='Estimate Settings'!$C$29 | G26: =$E26*$F26 | H26: 110 | I26: =TEXT($G26*$H26 | J26: $# | K26: ##0"")
A27: Closeout | B27: Knowledge Transfer | C27: Transfer solution ownership to operations and support teams | D27: EO Engineer | E27: 16 | F27: ='Estimate Settings'!$C$30 | G27: =$E27*$F27 | H27: 140 | I27: =TEXT($G27*$H27 | J27: $# | K27: ##0"")
A28: Closeout | B28: Performance Baseline | C28: Establish performance metrics monitoring baselines and SLAs | D28: EO Engineer | E28: 8 | F28: ='Estimate Settings'!$C$30 | G28: =$E28*$F28 | H28: 130 | I28: =TEXT($G28*$H28 | J28: $# | K28: ##0"")
A29: Management | B29: Technical Leadership | C29: Quarterback technical oversight and architecture review | D29: EO Quarterback | E29: =ROUND(SUM(E2:E27)*0.25,='Estimate Settings'!$C$31,=$E59*$F59,0) | F29: =TEXT($G29*$H29 | G29: $# | H29: ##0"") | I29: =TEXT(E29*F29,##0")
A30: Management | B30: Project Management | C30: Project coordination and management activities | D30: EO Project Manager | E30: =ROUND(SUM(E2:E27)*0.20,='Estimate Settings'!$C$31,=$E60*$F60,0) | F30: =TEXT($G30*$H30 | G30: $# | H30: ##0"") | I30: =TEXT(E30*F30,##0")
F31: TOTAL HOURS | G31: =SUM($G$33:$G$60) | H31: TOTAL COST | I31: =TEXT(SUMPRODUCT($G$33:$G$60 | J31: $H$33:$H$60) | K31: $#

Sheet Credits
A1: Credits - Applied to Total Cost (Year 1 Only)
A2: Credit Type | B2: Credit Amount | C2: Credit Comments
A3: Microsoft Partner Services Credit | B3: 0 | C3: No partner credits available
A4: Implementation Discount | B4: 0 | C4: No implementation discount applicable
A5: TOTAL | B5: =SUMPRODUCT($G$40:$G$67,$H$40:$H$67) | C5: Total Cost
