Workbook

Sheet Cover
B3: [DOCUMENT TITLE]
B4: Infrastructure Costs
B5: Presales Document
B6: Generated: | C6: November 16, 2025
B7: Solution: | C7: November 21, 2025
B8: Customer: | C8: Onpremise To Cloud Migration
B9: Version: | C9: [Customer Name]
B10: Status: | C10: Draft
C12: eoframework.org

Sheet SIZING GUIDELINES
A1: SIZING GUIDELINES - Based on Solution Scope (Default: Small)
A2: Category | B2: Component | C2: Small | D2: Medium | E2: Large | F2: Notes
A3: Migration Scope | B3: Application Workloads | C3: 15-25 applications | D3: 50-100 applications | E3: 200+ applications | F3: Number of applications to migrate
A4: Migration Scope | B4: Database Instances | C4: 1-2 databases | D4: 5-10 databases | E4: 20+ databases | F4: Database migration complexity
A5: Cloud Infrastructure | B5: Application Tier | C5: 3 t3.large instances | D5: 6-8 m5.xlarge instances | E5: 15+ m5.2xlarge instances | F5: Target EC2 compute capacity
A6: Cloud Infrastructure | B6: Database Size | C6: db.t3.large Multi-AZ | D6: db.r5.xlarge Multi-AZ | E6: db.r5.4xlarge Multi-AZ | F6: RDS instance sizing
A7: Cloud Infrastructure | B7: Storage Volume | C7: 1 TB | D7: 5 TB | E7: 20+ TB | F7: Application data and backups
A8: Cloud Infrastructure | B8: Migration Data Transfer | C8: 2 TB initial transfer | D8: 10 TB initial transfer | E8: 50+ TB initial transfer | F8: One-time data migration volume
A9: Migration Timeline | B9: Migration Duration | C9: 4-6 months | D9: 9-12 months | E9: 18+ months | F9: Full migration timeline
A10: Support & Maintenance | B10: Support Level | C10: Business hours | D10: 24x5 support | E10: 24x7 premium | F10: SLA requirements

Sheet INFRASTRUCTURE COSTS
A1: INFRASTRUCTURE COSTS - Quantities Default to Small Scope
A2: Category | B2: Component | C2: Description | D2: Quantity | E2: Unit | F2: Unit Price | G2: Annual Cost | H2: Year 2 | I2: Year 3 | J2: 3-Year Total | K2: Notes
A3: Cloud Infrastructure | B3: EC2 Application Tier | C3: t3.large instances for migrated apps | D3: 3 | E3: Instance/Month | F3: 67.5 | G3: =D3*F3*12 | H3: =G3 | I3: =G3 | J3: =G3+H3+I3 | K3: Target application servers
A4: Cloud Infrastructure | B4: RDS Multi-AZ Database | C4: db.t3.large PostgreSQL managed database | D4: 1 | E4: Instance/Month | F4: 288 | G4: =D4*F4*12 | H4: =G4 | I4: =G4 | J4: =G4+H4+I4 | K4: Migrated database
A5: Cloud Infrastructure | B5: S3 Standard Storage | C5: App data and backups (1TB) | D5: 1000 | E5: GB/Month | F5: 0.023 | G5: =D5*F5*12 | H5: =G5 | I5: =G5 | J5: =G5+H5+I5 | K5: Object storage
A6: Cloud Infrastructure | B6: EBS General Purpose SSD | C6: Block storage volumes (500GB) | D6: 500 | E6: GB/Month | F6: 0.1 | G6: =D6*F6*12 | H6: =G6 | I6: =G6 | J6: =G6+H6+I6 | K6: Block storage
A7: Cloud Infrastructure | B7: Application Load Balancer | C7: Load balancing and SSL termination | D7: 1 | E7: ALB/Month | F7: 22.5 | G7: =D7*F7*12 | H7: =G7 | I7: =G7 | J7: =G7+H7+I7 | K7: Load balancing
A8: Cloud Infrastructure | B8: CloudFront CDN | C8: Static content delivery (200GB/month) | D8: 200 | E8: GB/Month | F8: 0.085 | G8: =D8*F8*12 | H8: =G8 | I8: =G8 | J8: =G8+H8+I8 | K8: Content delivery
A9: Cloud Infrastructure | B9: VPC Networking | C9: Virtual private cloud with subnets | D9: 1 | E9: Service/Month | F9: 0 | G9: =D9*F9*12 | H9: =G9 | I9: =G9 | J9: =G9+H9+I9 | K9: Network infrastructure
A10: Cloud Infrastructure | B10: NAT Gateway | C10: Outbound internet access (single AZ) | D10: 1 | E10: Gateway/Month | F10: 32.85 | G10: =D10*F10*12 | H10: =G10 | I10: =G10 | J10: =G10+H10+I10 | K10: Outbound connectivity
A11: Cloud Infrastructure | B11: Route 53 DNS | C11: DNS management (2 hosted zones) | D11: 2 | E11: Zones/Month | F11: 0.5 | G11: =D11*F11*12 | H11: =G11 | I11: =G11 | J11: =G11+H11+I11 | K11: DNS management
A12: Cloud Infrastructure | B12: Site-to-Site VPN | C12: Secure VPN for migration connectivity | D12: 1 | E12: Connection/Month | F12: 36 | G12: =D12*F12*12 | H12: =G12 | I12: =G12 | J12: =G12+H12+I12 | K12: Hybrid connectivity
A13: Cloud Infrastructure | B13: ElastiCache Redis | C13: In-memory caching (cache.t3.medium) | D13: 1 | E13: Instance/Month | F13: 32.5 | G13: =D13*F13*12 | H13: =G13 | I13: =G13 | J13: =G13+H13+I13 | K13: Application caching
A14: Cloud Infrastructure | B14: CloudWatch Logs | C14: Centralized logging (50GB) | D14: 50 | E14: GB/Month | F14: 0.5 | G14: =D14*F14*12 | H14: =G14 | I14: =G14 | J14: =G14+H14+I14 | K14: Log management
... A18: Cloud Infrastructure | B18: AWS Backup | C18: Automated backup management (500GB) | D18: 500 | E18: GB/Month | F18: 0.05 | G18: =D18*F18*12 | H18: =G18 | I18: =G18 | J18: =G18+H18+I18 | K18: Backup service
A19: Cloud Infrastructure | B19: Data Transfer (Migration) | C19: Initial data transfer (2TB one-time) | D19: 2000 | E19: GB | F19: 0.05 | G19: =D19*F19 | H19: =$0 | I19: =$0 | J19: =G19 | K19: One-time migration cost
A20: Software Licenses | B20: Datadog Monitoring | C20: Pro monitoring (6 hosts for migrated apps) | D20: 6 | E20: Hosts/Month | F20: 23 | G20: =D20*F20*12 | H20: =G20 | I20: =G20 | J20: =G20+H20+I20 | K20: Application monitoring
A21: Software Licenses | B21: PagerDuty | C21: Professional incident management (3 users) | D21: 3 | E21: Users/Month | F21: 41 | G21: =D21*F21*12 | H21: =G21 | I21: =G21 | J21: =G21+H21+I21 | K21: Incident management
A22: Support & Maintenance | B22: AWS Managed Services | C22: Managed services and ongoing optimization (15% of infrastructure) | D22: 1 | E22: Service/Month | F22: 121.83 | G22: =D22*F22*12 | H22: =G22 | I22: =G22 | J22: =G22+H22+I22 | K22: Ongoing support
A23: TOTAL | G23: =SUM(G3:G22) | H23: =SUM(H3:H22) | I23: =SUM(I3:I22) | J23: =SUM(J3:J22)

Sheet CREDITS
A1: CREDITS - Applied per Category (Year 1 Only)
A2: Category | B2: Credit Type | C2: Credit Amount | D2: Credit Comments
A3: Cloud Infrastructure | B3: AWS MAP Consumption Credit | C3: -3317 | D3: 35% credit on Year 1 cloud infrastructure consumption (excludes one-time data transfer)
A4: Software Licenses | B4: Partner Credit | C4: 0 | D4: No software credits available
A5: Support & Maintenance | B5: Program Credit | C5: 0 | D5: No support credits available
A6: Hardware/Equipment | B6: Equipment Credit | C6: 0 | D6: No hardware credits available
A7: Professional Services | B7: AWS MAP Assessment Credit | C7: -12000 | D7: 100% funded - discovery and assessment phase
A8: Professional Services | B8: AWS MAP Mobilize Credit | C8: -5000 | D8: Partial funding - migration strategy and planning
A9: Professional Services | B9: AWS MAP Migrate Credit | C9: -5000 | D9: Partial funding - application lift-and-shift migration

Sheet SUMMARY
A1: SUMMARY
A2: Category | B2: Year 1 List | C2: Year 1 Credits | D2: Year 1 Net | E2: Year 2 | F2: Year 3 | G2: 3-Year Total
A3: Cloud Infrastructure | B3: =SUMIF('Infrastructure Costs'!$A:$A,A3,'Infrastructure Costs'!$G:$G) | C3: =SUMIF(Credits!$A:$A,A3,Credits!$C:$C) | D3: =B3+C3 | E3: =SUMIF('Infrastructure Costs'!$A:$A,A3,'Infrastructure Costs'!$H:$H) | F3: =SUMIF('Infrastructure Costs'!$A:$A,A3,'Infrastructure Costs'!$I:$I) | G3: =D3+E3+F3
A4: Software Licenses | B4: =SUMIF('Infrastructure Costs'!$A:$A,A4,'Infrastructure Costs'!$G:$G) | C4: =SUMIF(Credits!$A:$A,A4,Credits!$C:$C) | D4: =B4+C4 | E4: =SUMIF('Infrastructure Costs'!$A:$A,A4,'Infrastructure Costs'!$H:$H) | F4: =SUMIF('Infrastructure Costs'!$A:$A,A4,'Infrastructure Costs'!$I:$I) | G4: =D4+E4+F4
A5: Support & Maintenance | B5: =SUMIF('Infrastructure Costs'!$A:$A,A5,'Infrastructure Costs'!$G:$G) | C5: =SUMIF(Credits!$A:$A,A5,Credits!$C:$C) | D5: =B5+C5 | E5: =SUMIF('Infrastructure Costs'!$A:$A,A5,'Infrastructure Costs'!$H:$H) | F5: =SUMIF('Infrastructure Costs'!$A:$A,A5,'Infrastructure Costs'!$I:$I) | G5: =D5+E5+F5
A6: Professional Services | B6: =SUMIF('Infrastructure Costs'!$A:$A,A6,'Infrastructure Costs'!$G:$G) | C6: =SUMIF(Credits!$A:$A,A6,Credits!$C:$C) | D6: =B6+C6 | E6: =SUMIF('Infrastructure Costs'!$A:$A,A6,'Infrastructure Costs'!$H:$H) | F6: =SUMIF('Infrastructure Costs'!$A:$A,A6,'Infrastructure Costs'!$I:$I) | G6: =D6+E6+F6
A7: TOTAL | B7: =SUM(B3:B6) | C7: =SUM(C3:C6) | D7: =SUM(D3:D6) | E7: =SUM(E3:E6) | F7: =SUM(F3:F6) | G7: =SUM(G3:G6)
