Workbook

Sheet Cover
B3: Configuration Parameters
B5: Generated: | C5: November 28, 2025
B6: Solution: | C6: Terraform Enterprise
B7: Customer: | C7: [Customer Name]
B8: Version: | C8: 1.0
B9: Status: | C9: Draft
C12: eoframework.org

Sheet All Parameters (Read Only)
A1: Total Parameters | B1: Categories | C1: Required | D1: Confidential/Secret
A2: 33 | B2: 10 | C2: 33 | D2: 16
A4: Parameter Name | B4: Category | C4: Environment | D4: Default Value | E4: Description | F4: Required | G4: Data Type | H4: Validation Rules | I4: Security Level | J4: Owner Team | K4: Dependencies | L4: Notes | M4: Last Updated
A5: =IF('Terraform Enterprise'!A3="","",'Terraform Enterprise'!A3) | B5: Terraform Enterprise | C5: =IF('Terraform Enterprise'!B3="","",'Terraform Enterprise'!B3) | D5: =IF('Terraform Enterprise'!C3="","",'Terraform Enterprise'!C3) | E5: =IF('Terraform Enterprise'!D3="","",'Terraform Enterprise'!D3) | F5: =IF('Terraform Enterprise'!E3="","",'Terraform Enterprise'!E3) | G5: =IF('Terraform Enterprise'!F3="","",'Terraform Enterprise'!F3) | H5: =IF('Terraform Enterprise'!G3="","",'Terraform Enterprise'!G3) | I5: =IF('Terraform Enterprise'!H3="","",'Terraform Enterprise'!H3) | J5: =IF('Terraform Enterprise'!I3="","",'Terraform Enterprise'!I3) | ... M5: =IF('Terraform Enterprise'!L3="","",'Terraform Enterprise'!L3)
A6: =IF('Terraform Enterprise'!A4="","",'Terraform Enterprise'!A4) | B6: Terraform Enterprise | C6: =IF('Terraform Enterprise'!B4="","",'Terraform Enterprise'!B4) | D6: =IF('Terraform Enterprise'!C4="","",'Terraform Enterprise'!C4) | E6: =IF('Terraform Enterprise'!D4="","",'Terraform Enterprise'!D4) | F6: =IF('Terraform Enterprise'!E4="","",'Terraform Enterprise'!E4) | G6: =IF('Terraform Enterprise'!F4="","",'Terraform Enterprise'!F4) | H6: =IF('Terraform Enterprise'!G4="","",'Terraform Enterprise'!G4) | I6: =IF('Terraform Enterprise'!H4="","",'Terraform Enterprise'!H4) | J6: =IF('Terraform Enterprise'!I4="","",'Terraform Enterprise'!I4) | ... M6: =IF('Terraform Enterprise'!L4="","",'Terraform Enterprise'!L4)
A7: =IF('Terraform Enterprise'!A5="","",'Terraform Enterprise'!A5) | B7: Terraform Enterprise | C7: =IF('Terraform Enterprise'!B5="","",'Terraform Enterprise'!B5) | D7: =IF('Terraform Enterprise'!C5="","",'Terraform Enterprise'!C5) | E7: =IF('Terraform Enterprise'!D5="","",'Terraform Enterprise'!D5) | F7: =IF('Terraform Enterprise'!E5="","",'Terraform Enterprise'!E5) | G7: =IF('Terraform Enterprise'!F5="","",'Terraform Enterprise'!F5) | H7: =IF('Terraform Enterprise'!G5="","",'Terraform Enterprise'!G5) | I7: =IF('Terraform Enterprise'!H5="","",'Terraform Enterprise'!H5) | J7: =IF('Terraform Enterprise'!I5="","",'Terraform Enterprise'!I5) | ... M7: =IF('Terraform Enterprise'!L5="","",'Terraform Enterprise'!L5)
A8: =IF('Terraform Enterprise'!A6="","",'Terraform Enterprise'!A6) | B8: Terraform Enterprise | C8: =IF('Terraform Enterprise'!B6="","",'Terraform Enterprise'!B6) | D8: =IF('Terraform Enterprise'!C6="","",'Terraform Enterprise'!C6) | E8: =IF('Terraform Enterprise'!D6="","",'Terraform Enterprise'!D6) | F8: =IF('Terraform Enterprise'!E6="","",'Terraform Enterprise'!E6) | G8: =IF('Terraform Enterprise'!F6="","",'Terraform Enterprise'!F6) | H8: =IF('Terraform Enterprise'!G6="","",'Terraform Enterprise'!G6) | I8: =IF('Terraform Enterprise'!H6="","",'Terraform Enterprise'!H6) | J8: =IF('Terraform Enterprise'!I6="","",'Terraform Enterprise'!I6) | ... M8: =IF('Terraform Enterprise'!L6="","",'Terraform Enterprise'!L6)
A9: =IF('Terraform Enterprise'!A7="","",'Terraform Enterprise'!A7) | B9: Terraform Enterprise | C9: =IF('Terraform Enterprise'!B7="","",'Terraform Enterprise'!B7) | D9: =IF('Terraform Enterprise'!C7="","",'Terraform Enterprise'!C7) | E9: =IF('Terraform Enterprise'!D7="","",'Terraform Enterprise'!D7) | F9: =IF('Terraform Enterprise'!E7="","",'Terraform Enterprise'!E7) | G9: =IF('Terraform Enterprise'!F7="","",'Terraform Enterprise'!F7) | H9: =IF('Terraform Enterprise'!G7="","",'Terraform Enterprise'!G7) | I9: =IF('Terraform Enterprise'!H7="","",'Terraform Enterprise'!H7) | J9: =IF('Terraform Enterprise'!I7="","",'Terraform Enterprise'!I7) | ... M9: =IF('Terraform Enterprise'!L7="","",'Terraform Enterprise'!L7)
A10: =IF('Terraform Enterprise'!A8="","",'Terraform Enterprise'!A8) | B10: Terraform Enterprise | C10: =IF('Terraform Enterprise'!B8="","",'Terraform Enterprise'!B8) | D10: =IF('Terraform Enterprise'!C8="","",'Terraform Enterprise'!C8) | E10: =IF('Terraform Enterprise'!D8="","",'Terraform Enterprise'!D8) | F10: =IF('Terraform Enterprise'!E8="","",'Terraform Enterprise'!E8) | G10: =IF('Terraform Enterprise'!F8="","",'Terraform Enterprise'!F8) | H10: =IF('Terraform Enterprise'!G8="","",'Terraform Enterprise'!G8) | I10: =IF('Terraform Enterprise'!H8="","",'Terraform Enterprise'!H8) | J10: =IF('Terraform Enterprise'!I8="","",'Terraform Enterprise'!I8) | ... M10: =IF('Terraform Enterprise'!L8="","",'Terraform Enterprise'!L8)
A11: =IF('Terraform Enterprise'!A9="","",'Terraform Enterprise'!A9) | B11: Terraform Enterprise | C11: =IF('Terraform Enterprise'!B9="","",'Terraform Enterprise'!B9) | D11: =IF('Terraform Enterprise'!C9="","",'Terraform Enterprise'!C9) | E11: =IF('Terraform Enterprise'!D9="","",'Terraform Enterprise'!D9) | F11: =IF('Terraform Enterprise'!E9="","",'Terraform Enterprise'!E9) | G11: =IF('Terraform Enterprise'!F9="","",'Terraform Enterprise'!F9) | H11: =IF('Terraform Enterprise'!G9="","",'Terraform Enterprise'!G9) | I11: =IF('Terraform Enterprise'!H9="","",'Terraform Enterprise'!H9) | J11: =IF('Terraform Enterprise'!I9="","",'Terraform Enterprise'!I9) | ... M11: =IF('Terraform Enterprise'!L9="","",'Terraform Enterprise'!L9)
A12: =IF('AWS'!A3="","",'AWS'!A3) | B12: AWS | C12: =IF('AWS'!B3="","",'AWS'!B3) | D12: =IF('AWS'!C3="","",'AWS'!C3) | E12: =IF('AWS'!D3="","",'AWS'!D3) | F12: =IF('AWS'!E3="","",'AWS'!E3) | G12: =IF('AWS'!F3="","",'AWS'!F3) | H12: =IF('AWS'!G3="","",'AWS'!G3) | I12: =IF('AWS'!H3="","",'AWS'!H3) | J12: =IF('AWS'!I3="","",'AWS'!I3) | ... M12: =IF('AWS'!L3="","",'AWS'!L3)
A13: =IF('AWS'!A4="","",'AWS'!A4) | B13: AWS | C13: =IF('AWS'!B4="","",'AWS'!B4) | D13: =IF('AWS'!C4="","",'AWS'!C4) | E13: =IF('AWS'!D4="","",'AWS'!D4) | F13: =IF('AWS'!E4="","",'AWS'!E4) | G13: =IF('AWS'!F4="","",'AWS'!F4) | H13: =IF('AWS'!G4="","",'AWS'!G4) | I13: =IF('AWS'!H4="","",'AWS'!H4) | J13: =IF('AWS'!I4="","",'AWS'!I4) | ... M13: =IF('AWS'!L4="","",'AWS'!L4)
A14: =IF('AWS'!A5="","",'AWS'!A5) | B14: AWS | C14: =IF('AWS'!B5="","",'AWS'!B5) | D14: =IF('AWS'!C5="","",'AWS'!C5) | E14: =IF('AWS'!D5="","",'AWS'!D5) | F14: =IF('AWS'!E5="","",'AWS'!E5) | G14: =IF('AWS'!F5="","",'AWS'!F5) | H14: =IF('AWS'!G5="","",'AWS'!G5) | I14: =IF('AWS'!H5="","",'AWS'!H5) | J14: =IF('AWS'!I5="","",'AWS'!I5) | ... M14: =IF('AWS'!L5="","",'AWS'!L5)
A15: =IF('AWS'!A6="","",'AWS'!A6) | B15: AWS | C15: =IF('AWS'!B6="","",'AWS'!B6) | D15: =IF('AWS'!C6="","",'AWS'!C6) | E15: =IF('AWS'!D6="","",'AWS'!D6) | F15: =IF('AWS'!E6="","",'AWS'!E6) | G15: =IF('AWS'!F6="","",'AWS'!F6) | H15: =IF('AWS'!G6="","",'AWS'!G6) | I15: =IF('AWS'!H6="","",'AWS'!H6) | J15: =IF('AWS'!I6="","",'AWS'!I6) | ... M15: =IF('AWS'!L6="","",'AWS'!L6)
A16: =IF('AWS'!A7="","",'AWS'!A7) | B16: AWS | C16: =IF('AWS'!B7="","",'AWS'!B7) | D16: =IF('AWS'!C7="","",'AWS'!C7) | E16: =IF('AWS'!D7="","",'AWS'!D7) | F16: =IF('AWS'!E7="","",'AWS'!E7) | G16: =IF('AWS'!F7="","",'AWS'!F7) | H16: =IF('AWS'!G7="","",'AWS'!G7) | I16: =IF('AWS'!H7="","",'AWS'!H7) | J16: =IF('AWS'!I7="","",'AWS'!I7) | ... M16: =IF('AWS'!L7="","",'AWS'!L7)
A17: =IF('AWS'!A8="","",'AWS'!A8) | B17: AWS | C17: =IF('AWS'!B8="","",'AWS'!B8) | D17: =IF('AWS'!C8="","",'AWS'!C8) | E17: =IF('AWS'!D8="","",'AWS'!D8) | F17: =IF('AWS'!E8="","",'AWS'!E8) | G17: =IF('AWS'!F8="","",'AWS'!F8) | H17: =IF('AWS'!G8="","",'AWS'!G8) | I17: =IF('AWS'!H8="","",'AWS'!H8) | J17: =IF('AWS'!I8="","",'AWS'!I8) | ... M17: =IF('AWS'!L8="","",'AWS'!L8)
A18: =IF('AWS'!A9="","",'AWS'!A9) | B18: AWS | C18: =IF('AWS'!B9="","",'AWS'!B9) | D18: =IF('AWS'!C9="","",'AWS'!C9) | E18: =IF('AWS'!D9="","",'AWS'!D9) | F18: =IF('AWS'!E9="","",'AWS'!E9) | G18: =IF('AWS'!F9="","",'AWS'!F9) | H18: =IF('AWS'!G9="","",'AWS'!G9) | I18: =IF('AWS'!H9="","",'AWS'!H9) | J18: =IF('AWS'!I9="","",'AWS'!I9) | ... M18: =IF('AWS'!L9="","",'AWS'!L9)
A19: =IF('AWS'!A10="","",'AWS'!A10) | B19: AWS | C19: =IF('AWS'!B10="","",'AWS'!B10) | D19: =IF('AWS'!C10="","",'AWS'!C10) | E19: =IF('AWS'!D10="","",'AWS'!D10) | F19: =IF('AWS'!E10="","",'AWS'!E10) | G19: =IF('AWS'!F10="","",'AWS'!F10) | H19: =IF('AWS'!G10="","",'AWS'!G10) | I19: =IF('AWS'!H10="","",'AWS'!H10) | J19: =IF('AWS'!I10="","",'AWS'!I10) | ... M19: =IF('AWS'!L10="","",'AWS'!L10)
A20: =IF('AWS'!A11="","",'AWS'!A11) | B20: AWS | C20: =IF('AWS'!B11="","",'AWS'!B11) | D20: =IF('AWS'!C11="","",'AWS'!C11) | E20: =IF('AWS'!D11="","",'AWS'!D11) | F20: =IF('AWS'!E11="","",'AWS'!E11) | G20: =IF('AWS'!F11="","",'AWS'!F11) | H20: =IF('AWS'!G11="","",'AWS'!G11) | I20: =IF('AWS'!H11="","",'AWS'!H11) | J20: =IF('AWS'!I11="","",'AWS'!I11) | ... M20: =IF('AWS'!L11="","",'AWS'!L11)
A21: =IF('AWS'!A12="","",'AWS'!A12) | B21: AWS | C21: =IF('AWS'!B12="","",'AWS'!B12) | D21: =IF('AWS'!C12="","",'AWS'!C12) | E21: =IF('AWS'!D12="","",'AWS'!D12) | F21: =IF('AWS'!E12="","",'AWS'!E12) | G21: =IF('AWS'!F12="","",'AWS'!F12) | H21: =IF('AWS'!G12="","",'AWS'!G12) | I21: =IF('AWS'!H12="","",'AWS'!H12) | J21: =IF('AWS'!I12="","",'AWS'!I12) | ... M21: =IF('AWS'!L12="","",'AWS'!L12)
A22: =IF('Network'!A3="","",'Network'!A3) | B22: Network | C22: =IF('Network'!B3="","",'Network'!B3) | D22: =IF('Network'!C3="","",'Network'!C3) | E22: =IF('Network'!D3="","",'Network'!D3) | F22: =IF('Network'!E3="","",'Network'!E3) | G22: =IF('Network'!F3="","",'Network'!F3) | H22: =IF('Network'!G3="","",'Network'!G3) | I22: =IF('Network'!H3="","",'Network'!H3) | J22: =IF('Network'!I3="","",'Network'!I3) | ... M22: =IF('Network'!L3="","",'Network'!L3)
A23: =IF('Network'!A4="","",'Network'!A4) | B23: Network | C23: =IF('Network'!B4="","",'Network'!B4) | D23: =IF('Network'!C4="","",'Network'!C4) | E23: =IF('Network'!D4="","",'Network'!D4) | F23: =IF('Network'!E4="","",'Network'!E4) | G23: =IF('Network'!F4="","",'Network'!F4) | H23: =IF('Network'!G4="","",'Network'!G4) | I23: =IF('Network'!H4="","",'Network'!H4) | J23: =IF('Network'!I4="","",'Network'!I4) | ... M23: =IF('Network'!L4="","",'Network'!L4)
A24: =IF('Network'!A5="","",'Network'!A5) | B24: Network | C24: =IF('Network'!B5="","",'Network'!B5) | D24: =IF('Network'!C5="","",'Network'!C5) | E24: =IF('Network'!D5="","",'Network'!D5) | F24: =IF('Network'!E5="","",'Network'!E5) | G24: =IF('Network'!F5="","",'Network'!F5) | H24: =IF('Network'!G5="","",'Network'!G5) | I24: =IF('Network'!H5="","",'Network'!H5) | J24: =IF('Network'!I5="","",'Network'!I5) | ... M24: =IF('Network'!L5="","",'Network'!L5)
A25: =IF('HashiCorp Vault'!A3="","",'HashiCorp Vault'!A3) | B25: HashiCorp Vault | C25: =IF('HashiCorp Vault'!B3="","",'HashiCorp Vault'!B3) | D25: =IF('HashiCorp Vault'!C3="","",'HashiCorp Vault'!C3) | E25: =IF('HashiCorp Vault'!D3="","",'HashiCorp Vault'!D3) | F25: =IF('HashiCorp Vault'!E3="","",'HashiCorp Vault'!E3) | G25: =IF('HashiCorp Vault'!F3="","",'HashiCorp Vault'!F3) | H25: =IF('HashiCorp Vault'!G3="","",'HashiCorp Vault'!G3) | I25: =IF('HashiCorp Vault'!H3="","",'HashiCorp Vault'!H3) | J25: =IF('HashiCorp Vault'!I3="","",'HashiCorp Vault'!I3) | ... M25: =IF('HashiCorp Vault'!L3="","",'HashiCorp Vault'!L3)
A26: =IF('HashiCorp Vault'!A4="","",'HashiCorp Vault'!A4) | B26: HashiCorp Vault | C26: =IF('HashiCorp Vault'!B4="","",'HashiCorp Vault'!B4) | D26: =IF('HashiCorp Vault'!C4="","",'HashiCorp Vault'!C4) | E26: =IF('HashiCorp Vault'!D4="","",'HashiCorp Vault'!D4) | F26: =IF('HashiCorp Vault'!E4="","",'HashiCorp Vault'!E4) | G26: =IF('HashiCorp Vault'!F4="","",'HashiCorp Vault'!F4) | H26: =IF('HashiCorp Vault'!G4="","",'HashiCorp Vault'!G4) | I26: =IF('HashiCorp Vault'!H4="","",'HashiCorp Vault'!H4) | J26: =IF('HashiCorp Vault'!I4="","",'HashiCorp Vault'!I4) | ... M26: =IF('HashiCorp Vault'!L4="","",'HashiCorp Vault'!L4)
A27: =IF('HashiCorp Vault'!A5="","",'HashiCorp Vault'!A5) | B27: HashiCorp Vault | C27: =IF('HashiCorp Vault'!B5="","",'HashiCorp Vault'!B5) | D27: =IF('HashiCorp Vault'!C5="","",'HashiCorp Vault'!C5) | E27: =IF('HashiCorp Vault'!D5="","",'HashiCorp Vault'!D5) | F27: =IF('HashiCorp Vault'!E5="","",'HashiCorp Vault'!E5) | G27: =IF('HashiCorp Vault'!F5="","",'HashiCorp Vault'!F5) | H27: =IF('HashiCorp Vault'!G5="","",'HashiCorp Vault'!G5) | I27: =IF('HashiCorp Vault'!H5="","",'HashiCorp Vault'!H5) | J27: =IF('HashiCorp Vault'!I5="","",'HashiCorp Vault'!I5) | ... M27: =IF('HashiCorp Vault'!L5="","",'HashiCorp Vault'!L5)
A28: =IF('VCS'!A3="","",'VCS'!A3) | B28: VCS | C28: =IF('VCS'!B3="","",'VCS'!B3) | D28: =IF('VCS'!C3="","",'VCS'!C3) | E28: =IF('VCS'!D3="","",'VCS'!D3) | F28: =IF('VCS'!E3="","",'VCS'!E3) | G28: =IF('VCS'!F3="","",'VCS'!F3) | H28: =IF('VCS'!G3="","",'VCS'!G3) | I28: =IF('VCS'!H3="","",'VCS'!H3) | J28: =IF('VCS'!I3="","",'VCS'!I3) | ... M28: =IF('VCS'!L3="","",'VCS'!L3)
A29: =IF('VCS'!A4="","",'VCS'!A4) | B29: VCS | C29: =IF('VCS'!B4="","",'VCS'!B4) | D29: =IF('VCS'!C4="","",'VCS'!C4) | E29: =IF('VCS'!D4="","",'VCS'!D4) | F29: =IF('VCS'!E4="","",'VCS'!E4) | G29: =IF('VCS'!F4="","",'VCS'!F4) | H29: =IF('VCS'!G4="","",'VCS'!G4) | I29: =IF('VCS'!H4="","",'VCS'!H4) | J29: =IF('VCS'!I4="","",'VCS'!I4) | ... M29: =IF('VCS'!L4="","",'VCS'!L4)
A30: =IF('VCS'!A5="","",'VCS'!A5) | B30: VCS | C30: =IF('VCS'!B5="","",'VCS'!B5) | D30: =IF('VCS'!C5="","",'VCS'!C5) | E30: =IF('VCS'!D5="","",'VCS'!D5) | F30: =IF('VCS'!E5="","",'VCS'!E5) | G30: =IF('VCS'!F5="","",'VCS'!F5) | H30: =IF('VCS'!G5="","",'VCS'!G5) | I30: =IF('VCS'!H5="","",'VCS'!H5) | J30: =IF('VCS'!I5="","",'VCS'!I5) | ... M30: =IF('VCS'!L5="","",'VCS'!L5)
A31: =IF('Monitoring'!A3="","",'Monitoring'!A3) | B31: Monitoring | C31: =IF('Monitoring'!B3="","",'Monitoring'!B3) | D31: =IF('Monitoring'!C3="","",'Monitoring'!C3) | E31: =IF('Monitoring'!D3="","",'Monitoring'!D3) | F31: =IF('Monitoring'!E3="","",'Monitoring'!E3) | G31: =IF('Monitoring'!F3="","",'Monitoring'!F3) | H31: =IF('Monitoring'!G3="","",'Monitoring'!G3) | I31: =IF('Monitoring'!H3="","",'Monitoring'!H3) | J31: =IF('Monitoring'!I3="","",'Monitoring'!I3) | ... M31: =IF('Monitoring'!L3="","",'Monitoring'!L3)
A32: =IF('Monitoring'!A4="","",'Monitoring'!A4) | B32: Monitoring | C32: =IF('Monitoring'!B4="","",'Monitoring'!B4) | D32: =IF('Monitoring'!C4="","",'Monitoring'!C4) | E32: =IF('Monitoring'!D4="","",'Monitoring'!D4) | F32: =IF('Monitoring'!E4="","",'Monitoring'!E4) | G32: =IF('Monitoring'!F4="","",'Monitoring'!F4) | H32: =IF('Monitoring'!G4="","",'Monitoring'!G4) | I32: =IF('Monitoring'!H4="","",'Monitoring'!H4) | J32: =IF('Monitoring'!I4="","",'Monitoring'!I4) | ... M32: =IF('Monitoring'!L4="","",'Monitoring'!L4)
A33: =IF('Alerts'!A3="","",'Alerts'!A3) | B33: Notifications | C33: =IF('Alerts'!B3="","",'Alerts'!B3) | D33: =IF('Alerts'!C3="","",'Alerts'!C3) | E33: =IF('Alerts'!D3="","",'Alerts'!D3) | F33: =IF('Alerts'!E3="","",'Alerts'!E3) | G33: =IF('Alerts'!F3="","",'Alerts'!F3) | H33: =IF('Alerts'!G3="","",'Alerts'!G3) | I33: =IF('Alerts'!H3="","",'Alerts'!H3) | J33: =IF('Alerts'!I3="","",'Alerts'!I3) | ... M33: =IF('Alerts'!L3="","",'Alerts'!L3)
A34: =IF('Security'!A3="","",'Security'!A3) | B34: Security | C34: =IF('Security'!B3="","",'Security'!B3) | D34: =IF('Security'!C3="","",'Security'!C3) | E34: =IF('Security'!D3="","",'Security'!D3) | F34: =IF('Security'!E3="","",'Security'!E3) | G34: =IF('Security'!F3="","",'Security'!F3) | H34: =IF('Security'!G3="","",'Security'!G3) | I34: =IF('Security'!H3="","",'Security'!H3) | J34: =IF('Security'!I3="","",'Security'!I3) | ... M34: =IF('Security'!L3="","",'Security'!L3)
A35: =IF('Operations'!A3="","",'Operations'!A3) | B35: Operations | C35: =IF('Operations'!B3="","",'Operations'!B3) | D35: =IF('Operations'!C3="","",'Operations'!C3) | E35: =IF('Operations'!D3="","",'Operations'!D3) | F35: =IF('Operations'!E3="","",'Operations'!E3) | G35: =IF('Operations'!F3="","",'Operations'!F3) | H35: =IF('Operations'!G3="","",'Operations'!G3) | I35: =IF('Operations'!H3="","",'Operations'!H3) | J35: =IF('Operations'!I3="","",'Operations'!I3) | ... M35: =IF('Operations'!L3="","",'Operations'!L3)
A36: =IF('Operations'!A4="","",'Operations'!A4) | B36: Operations | C36: =IF('Operations'!B4="","",'Operations'!B4) | D36: =IF('Operations'!C4="","",'Operations'!C4) | E36: =IF('Operations'!D4="","",'Operations'!D4) | F36: =IF('Operations'!E4="","",'Operations'!E4) | G36: =IF('Operations'!F4="","",'Operations'!F4) | H36: =IF('Operations'!G4="","",'Operations'!G4) | I36: =IF('Operations'!H4="","",'Operations'!H4) | J36: =IF('Operations'!I4="","",'Operations'!I4) | ... M36: =IF('Operations'!L4="","",'Operations'!L4)
A37: =IF('Governance'!A3="","",'Governance'!A3) | B37: Governance | C37: =IF('Governance'!B3="","",'Governance'!B3) | D37: =IF('Governance'!C3="","",'Governance'!C3) | E37: =IF('Governance'!D3="","",'Governance'!D3) | F37: =IF('Governance'!E3="","",'Governance'!E3) | G37: =IF('Governance'!F3="","",'Governance'!F3) | H37: =IF('Governance'!G3="","",'Governance'!G3) | I37: =IF('Governance'!H3="","",'Governance'!H3) | J37: =IF('Governance'!I3="","",'Governance'!I3) | ... M37: =IF('Governance'!L3="","",'Governance'!L3)

Sheet Terraform Enterprise
A1: Terraform Enterprise Parameters
A2: Parameter Name | B2: Environment | C2: Default Value | D2: Description | E2: Required | F2: Data Type | G2: Validation Rules | H2: Security Level | I2: Owner Team | J2: Dependencies | K2: Notes | L2: Last Updated
A3: TFE_ORGANIZATION | B3: All | C3: [organization-name] | D3: Terraform Enterprise organization name | E3: Yes | F3: String | G3: Valid organization name | H3: Public | I3: Platform Team | J3: None | K3: Must be unique across TFE | L3: [DATE]
A4: TFE_HOSTNAME | B4: All | C4: [tfe-hostname].example.com | D4: Terraform Enterprise hostname | E4: Yes | F4: String | G4: Valid hostname | H4: Public | I4: Platform Team | J4: DNS configuration | K4: Use FQDN with TLS | L4: [DATE]
A5: TFE_LICENSE | B5: All | C5: [********] | D5: Path to Terraform Enterprise license | E5: Yes | F5: String | G5: Valid file path | H5: Secret | I5: Platform Team | J5: HashiCorp license | K5: Store securely | L5: [DATE]
A6: TFE_ADMIN_EMAIL | B6: All | C6: [********] | D6: Initial admin user email | E6: Yes | F6: String | G6: Valid email address | H6: Confidential | I6: Platform Team | J6: None | K6: For initial setup | L6: [DATE]
A7: TFE_ENCRYPTION_KEY | B7: All | C7: [********] | D7: Terraform Enterprise encryption key | E7: Yes | F7: String | G7: 32+ character random | H7: Secret | I7: Security Team | J7: KMS | K7: Store in secrets manager | L7: [DATE]
A8: TFE_CONCURRENT_RUNS | B8: Prod | C8: 10 | D8: Maximum concurrent Terraform runs | E8: Yes | F8: Integer | G8: 1-50 | H8: Public | I8: Platform Team | J8: EKS capacity | K8: Size workers accordingly | L8: [DATE]
A9: TFE_WORKSPACE_COUNT | B9: All | C9: 50 | D9: Target workspace count for platform | E9: Yes | F9: Integer | G9: 1-500 | H9: Public | I9: Platform Team | J9: License | K9: Matches SOW scope | L9: [DATE]

Sheet AWS
A1: AWS Parameters
A2: Parameter Name | B2: Environment | C2: Default Value | D2: Description | E2: Required | F2: Data Type | G2: Validation Rules | H2: Security Level | I2: Owner Team | J2: Dependencies | K2: Notes | L2: Last Updated
A3: AWS_REGION | B3: All | C3: us-east-1 | D3: Primary AWS region for TFE deployment | E3: Yes | F3: String | G3: Valid AWS region | H3: Public | I3: Infrastructure Team | J3: AWS account | K3: EKS deployment region | L3: [DATE]
A4: AWS_ACCOUNT_ID | B4: All | C4: [********] | D4: AWS account ID for TFE platform | E4: Yes | F4: String | G4: 12-digit account ID | H4: Confidential | I4: Infrastructure Team | J4: AWS account | K4: Platform account | L4: [DATE]
A5: EKS_CLUSTER_NAME | B5: All | C5: tfe-platform-cluster | D5: EKS cluster name for Terraform Enterprise | E5: Yes | F5: String | G5: Valid EKS cluster name | H5: Public | I5: Infrastructure Team | J5: AWS account | K5: 3-node cluster | L5: [DATE]
A6: EKS_NODE_INSTANCE_TYPE | B6: All | C6: t3.large | D6: EKS worker node instance type | E6: Yes | F6: String | G6: Valid EC2 instance type | H6: Public | I6: Infrastructure Team | J6: EKS cluster | K6: 2 vCPU 8GB | L6: [DATE]
A7: EKS_NODE_COUNT | B7: Prod | C7: 3 | D7: Number of EKS worker nodes | E7: Yes | F7: Integer | G7: 3-10 | H7: Public | I7: Infrastructure Team | J7: EKS cluster | K7: HA requires 3+ | L7: [DATE]
A8: RDS_INSTANCE_CLASS | B8: Prod | C8: db.t3.medium | D8: RDS instance class for TFE state | E8: Yes | F8: String | G8: Valid RDS instance class | H8: Public | I8: Infrastructure Team | J8: AWS account | K8: 2 vCPU 4GB | L8: [DATE]
A9: RDS_STORAGE_GB | B9: Prod | C9: 50 | D9: RDS allocated storage in GB | E9: Yes | F9: Integer | G9: 20-500 | H9: Public | I9: Infrastructure Team | J9: RDS instance | K9: Scale as needed | L9: [DATE]
A10: RDS_DATABASE_NAME | B10: All | C10: [********] | D10: PostgreSQL database name | E10: Yes | F10: String | G10: Valid database name | H10: Confidential | I10: Infrastructure Team | J10: RDS instance | K10: TFE state backend | L10: [DATE]
A11: RDS_USERNAME | B11: All | C11: [********] | D11: RDS master username | E11: Yes | F11: String | G11: Valid username | H11: Secret | I11: Infrastructure Team | J11: RDS instance | K11: Store in Vault | L11: [DATE]
A12: RDS_PASSWORD | B12: All | C12: [********] | D12: RDS master password | E12: Yes | F12: String | G12: Min 16 chars complex | H12: Secret | I12: Infrastructure Team | J12: RDS instance | K12: Store in Vault | L12: [DATE]

Sheet Network
A1: Network Parameters
A2: Parameter Name | B2: Environment | C2: Default Value | D2: Description | E2: Required | F2: Data Type | G2: Validation Rules | H2: Security Level | I2: Owner Team | J2: Dependencies | K2: Notes | L2: Last Updated
A3: VPC_CIDR | B3: All | C3: 10.50.0.0/16 | D3: VPC CIDR block for TFE platform | E3: Yes | F3: String | G3: Valid CIDR notation | H3: Public | I3: Network Team | J3: IP planning | K3: 256 addresses minimum | L3: [DATE]
A4: PRIVATE_SUBNET_CIDRS | B4: All | C4: 10.50.10.0/24;10.50.11.0/24 | D4: Private subnet CIDR blocks | E4: Yes | F4: String | G4: Valid CIDR list | H4: Public | I4: Network Team | J4: VPC CIDR | K4: Multi-AZ deployment | L4: [DATE]
A5: PUBLIC_SUBNET_CIDRS | B5: All | C5: 10.50.1.0/24;10.50.2.0/24 | D5: Public subnet CIDR blocks | E5: Yes | F5: String | G5: Valid CIDR list | H5: Public | I5: Network Team | J5: VPC CIDR | K5: ALB deployment | L5: [DATE]

Sheet HashiCorp Vault
A1: HashiCorp Vault Parameters
A2: Parameter Name | B2: Environment | C2: Default Value | D2: Description | E2: Required | F2: Data Type | G2: Validation Rules | H2: Security Level | I2: Owner Team | J2: Dependencies | K2: Notes | L2: Last Updated
A3: VAULT_ADDR | B3: All | C3: [********] | D3: Vault address for dynamic credentials | E3: Yes | F3: String | G3: Valid HTTPS URL | H3: Confidential | I3: Security Team | J3: Vault deployment | K3: Use internal DNS | L3: [DATE]
A4: VAULT_ROLE | B4: All | C4: [********] | D4: Vault role for AWS credentials | E4: Yes | F4: String | G4: Valid role name | H4: Confidential | I4: Security Team | J4: Vault AWS engine | K4: 1-hour TTL | L4: [DATE]
A5: VAULT_AWS_PATH | B5: All | C5: [********] | D5: Vault path for AWS credentials | E5: Yes | F5: String | G5: Valid Vault path | H5: Confidential | I5: Security Team | J5: Vault configuration | K5: Dynamic credentials | L5: [DATE]

Sheet VCS
A1: VCS Parameters
A2: Parameter Name | B2: Environment | C2: Default Value | D2: Description | E2: Required | F2: Data Type | G2: Validation Rules | H2: Security Level | I2: Owner Team | J2: Dependencies | K2: Notes | L2: Last Updated
A3: GITHUB_ORG | B3: All | C3: [github-org] | D3: GitHub organization name | E3: Yes | F3: String | G3: Valid org name | H3: Public | I3: Platform Team | J3: GitHub access | K3: Enterprise or Cloud | L3: [DATE]
A4: GITHUB_OAUTH_TOKEN | B4: All | C4: [********] | D4: GitHub OAuth token for VCS integration | E4: Yes | F4: String | G4: Valid OAuth token | H4: Secret | I4: Platform Team | J4: GitHub OAuth App | K4: Configure in TFE | L4: [DATE]
A5: GITHUB_WEBHOOK_SECRET | B5: All | C5: [********] | D5: GitHub webhook secret for TFE | E5: Yes | F5: String | G5: 32+ character random | H5: Secret | I5: Platform Team | J5: TFE VCS integration | K5: Generate securely | L5: [DATE]

Sheet Monitoring
A1: Monitoring Parameters
A2: Parameter Name | B2: Environment | C2: Default Value | D2: Description | E2: Required | F2: Data Type | G2: Validation Rules | H2: Security Level | I2: Owner Team | J2: Dependencies | K2: Notes | L2: Last Updated
A3: DATADOG_API_KEY | B3: All | C3: [********] | D3: Datadog API key for metrics | E3: Yes | F3: String | G3: Valid API key | H3: Secret | I3: Operations Team | J3: Datadog account | K3: Create dedicated key | L3: [DATE]
A4: PAGERDUTY_SERVICE_KEY | B4: All | C4: [********] | D4: PagerDuty service integration key | E4: Yes | F4: String | G4: Valid service key | H4: Secret | I4: Operations Team | J4: PagerDuty service | K4: Critical alerts | L4: [DATE]

Sheet Alerts
A1: Notifications Parameters
A2: Parameter Name | B2: Environment | C2: Default Value | D2: Description | E2: Required | F2: Data Type | G2: Validation Rules | H2: Security Level | I2: Owner Team | J2: Dependencies | K2: Notes | L2: Last Updated
A3: SLACK_WEBHOOK_URL | B3: All | C3: [********] | D3: Slack webhook URL for notifications | E3: Yes | F3: String | G3: Valid Slack webhook URL | H3: Secret | I3: Operations Team | J3: Slack workspace | K3: Run notifications | L3: [DATE]

Sheet Security
A1: Security Parameters
A2: Parameter Name | B2: Environment | C2: Default Value | D2: Description | E2: Required | F2: Data Type | G2: Validation Rules | H2: Security Level | I2: Owner Team | J2: Dependencies | K2: Notes | L2: Last Updated
A3: SSO_SAML_METADATA_URL | B3: All | C3: [********] | D3: SAML IdP metadata URL for SSO | E3: Yes | F3: String | G3: Valid HTTPS URL | H3: Confidential | I3: Security Team | J3: Identity provider | K3: Enterprise SSO | L3: [DATE]

Sheet Operations
A1: Operations Parameters
A2: Parameter Name | B2: Environment | C2: Default Value | D2: Description | E2: Required | F2: Data Type | G2: Validation Rules | H2: Security Level | I2: Owner Team | J2: Dependencies | K2: Notes | L2: Last Updated
A3: BACKUP_RETENTION_DAYS | B3: Prod | C3: 7 | D3: Backup retention period in days | E3: Yes | F3: Integer | G3: 7-30 | H3: Public | I3: Operations Team | J3: Backup storage | K3: RDS snapshots | L3: [DATE]
A4: LOG_RETENTION_DAYS | B4: Prod | C4: 90 | D4: Log retention period in days | E4: Yes | F4: Integer | G4: 30-365 | H4: Public | I4: Operations Team | J4: CloudWatch | K4: Audit requirements | L4: [DATE]

Sheet Governance
A1: Governance Parameters
A2: Parameter Name | B2: Environment | C2: Default Value | D2: Description | E2: Required | F2: Data Type | G2: Validation Rules | H2: Security Level | I2: Owner Team | J2: Dependencies | K2: Notes | L2: Last Updated
A3: SENTINEL_POLICY_COUNT | B3: All | C3: 40 | D3: Target Sentinel policy count | E3: Yes | F3: Integer | G3: 1-100 | H3: Public | I3: Security Team | J3: Policy repository | K3: Security and cost and compliance | L3: [DATE]
