Workbook

Sheet Cover
B3: Configuration Parameters
B5: Generated: | C5: November 28, 2025
B6: Solution: | C6: Vxrail Hyperconverged
B7: Customer: | C7: [Customer Name]
B8: Version: | C8: 1.0
B9: Status: | C9: Draft
C12: eoframework.org

Sheet All Parameters (Read Only)
A1: Total Parameters | B1: Categories | C1: Required | D1: Confidential/Secret
A2: 36 | B2: 11 | C2: 36 | D2: 2
A4: Parameter Name | B4: Category | C4: Environment | D4: Default Value | E4: Description | F4: Required | G4: Data Type | H4: Validation Rules | I4: Security Level | J4: Owner Team | K4: Dependencies | L4: Notes | M4: Last Updated
A5: =IF('Application'!A3="","",'Application'!A3) | B5: Application | C5: =IF('Application'!B3="","",'Application'!B3) | D5: =IF('Application'!C3="","",'Application'!C3) | E5: =IF('Application'!D3="","",'Application'!D3) | F5: =IF('Application'!E3="","",'Application'!E3) | G5: =IF('Application'!F3="","",'Application'!F3) | H5: =IF('Application'!G3="","",'Application'!G3) | I5: =IF('Application'!H3="","",'Application'!H3) | J5: =IF('Application'!I3="","",'Application'!I3) | ... M5: =IF('Application'!L3="","",'Application'!L3)
A6: =IF('Application'!A4="","",'Application'!A4) | B6: Application | C6: =IF('Application'!B4="","",'Application'!B4) | D6: =IF('Application'!C4="","",'Application'!C4) | E6: =IF('Application'!D4="","",'Application'!D4) | F6: =IF('Application'!E4="","",'Application'!E4) | G6: =IF('Application'!F4="","",'Application'!F4) | H6: =IF('Application'!G4="","",'Application'!G4) | I6: =IF('Application'!H4="","",'Application'!H4) | J6: =IF('Application'!I4="","",'Application'!I4) | ... M6: =IF('Application'!L4="","",'Application'!L4)
A7: =IF('VxRail Cluster'!A3="","",'VxRail Cluster'!A3) | B7: VxRail Cluster | C7: =IF('VxRail Cluster'!B3="","",'VxRail Cluster'!B3) | D7: =IF('VxRail Cluster'!C3="","",'VxRail Cluster'!C3) | E7: =IF('VxRail Cluster'!D3="","",'VxRail Cluster'!D3) | F7: =IF('VxRail Cluster'!E3="","",'VxRail Cluster'!E3) | G7: =IF('VxRail Cluster'!F3="","",'VxRail Cluster'!F3) | H7: =IF('VxRail Cluster'!G3="","",'VxRail Cluster'!G3) | I7: =IF('VxRail Cluster'!H3="","",'VxRail Cluster'!H3) | J7: =IF('VxRail Cluster'!I3="","",'VxRail Cluster'!I3) | ... M7: =IF('VxRail Cluster'!L3="","",'VxRail Cluster'!L3)
A8: =IF('VxRail Hardware'!A3="","",'VxRail Hardware'!A3) | B8: VxRail Hardware | C8: =IF('VxRail Hardware'!B3="","",'VxRail Hardware'!B3) | D8: =IF('VxRail Hardware'!C3="","",'VxRail Hardware'!C3) | E8: =IF('VxRail Hardware'!D3="","",'VxRail Hardware'!D3) | F8: =IF('VxRail Hardware'!E3="","",'VxRail Hardware'!E3) | G8: =IF('VxRail Hardware'!F3="","",'VxRail Hardware'!F3) | H8: =IF('VxRail Hardware'!G3="","",'VxRail Hardware'!G3) | I8: =IF('VxRail Hardware'!H3="","",'VxRail Hardware'!H3) | J8: =IF('VxRail Hardware'!I3="","",'VxRail Hardware'!I3) | ... M8: =IF('VxRail Hardware'!L3="","",'VxRail Hardware'!L3)
A9: =IF('VxRail Hardware'!A4="","",'VxRail Hardware'!A4) | B9: VxRail Hardware | C9: =IF('VxRail Hardware'!B4="","",'VxRail Hardware'!B4) | D9: =IF('VxRail Hardware'!C4="","",'VxRail Hardware'!C4) | E9: =IF('VxRail Hardware'!D4="","",'VxRail Hardware'!D4) | F9: =IF('VxRail Hardware'!E4="","",'VxRail Hardware'!E4) | G9: =IF('VxRail Hardware'!F4="","",'VxRail Hardware'!F4) | H9: =IF('VxRail Hardware'!G4="","",'VxRail Hardware'!G4) | I9: =IF('VxRail Hardware'!H4="","",'VxRail Hardware'!H4) | J9: =IF('VxRail Hardware'!I4="","",'VxRail Hardware'!I4) | ... M9: =IF('VxRail Hardware'!L4="","",'VxRail Hardware'!L4)
A10: =IF('Dell Hardware'!A3="","",'Dell Hardware'!A3) | B10: Dell Hardware | C10: =IF('Dell Hardware'!B3="","",'Dell Hardware'!B3) | D10: =IF('Dell Hardware'!C3="","",'Dell Hardware'!C3) | E10: =IF('Dell Hardware'!D3="","",'Dell Hardware'!D3) | F10: =IF('Dell Hardware'!E3="","",'Dell Hardware'!E3) | G10: =IF('Dell Hardware'!F3="","",'Dell Hardware'!F3) | H10: =IF('Dell Hardware'!G3="","",'Dell Hardware'!G3) | I10: =IF('Dell Hardware'!H3="","",'Dell Hardware'!H3) | J10: =IF('Dell Hardware'!I3="","",'Dell Hardware'!I3) | ... M10: =IF('Dell Hardware'!L3="","",'Dell Hardware'!L3)
A11: =IF('Dell Hardware'!A4="","",'Dell Hardware'!A4) | B11: Dell Hardware | C11: =IF('Dell Hardware'!B4="","",'Dell Hardware'!B4) | D11: =IF('Dell Hardware'!C4="","",'Dell Hardware'!C4) | E11: =IF('Dell Hardware'!D4="","",'Dell Hardware'!D4) | F11: =IF('Dell Hardware'!E4="","",'Dell Hardware'!E4) | G11: =IF('Dell Hardware'!F4="","",'Dell Hardware'!F4) | H11: =IF('Dell Hardware'!G4="","",'Dell Hardware'!G4) | I11: =IF('Dell Hardware'!H4="","",'Dell Hardware'!H4) | J11: =IF('Dell Hardware'!I4="","",'Dell Hardware'!I4) | ... M11: =IF('Dell Hardware'!L4="","",'Dell Hardware'!L4)
A12: =IF('Dell Hardware'!A5="","",'Dell Hardware'!A5) | B12: Dell Hardware | C12: =IF('Dell Hardware'!B5="","",'Dell Hardware'!B5) | D12: =IF('Dell Hardware'!C5="","",'Dell Hardware'!C5) | E12: =IF('Dell Hardware'!D5="","",'Dell Hardware'!D5) | F12: =IF('Dell Hardware'!E5="","",'Dell Hardware'!E5) | G12: =IF('Dell Hardware'!F5="","",'Dell Hardware'!F5) | H12: =IF('Dell Hardware'!G5="","",'Dell Hardware'!G5) | I12: =IF('Dell Hardware'!H5="","",'Dell Hardware'!H5) | J12: =IF('Dell Hardware'!I5="","",'Dell Hardware'!I5) | ... M12: =IF('Dell Hardware'!L5="","",'Dell Hardware'!L5)
A13: =IF('Dell Hardware'!A6="","",'Dell Hardware'!A6) | B13: Dell Hardware | C13: =IF('Dell Hardware'!B6="","",'Dell Hardware'!B6) | D13: =IF('Dell Hardware'!C6="","",'Dell Hardware'!C6) | E13: =IF('Dell Hardware'!D6="","",'Dell Hardware'!D6) | F13: =IF('Dell Hardware'!E6="","",'Dell Hardware'!E6) | G13: =IF('Dell Hardware'!F6="","",'Dell Hardware'!F6) | H13: =IF('Dell Hardware'!G6="","",'Dell Hardware'!G6) | I13: =IF('Dell Hardware'!H6="","",'Dell Hardware'!H6) | J13: =IF('Dell Hardware'!I6="","",'Dell Hardware'!I6) | ... M13: =IF('Dell Hardware'!L6="","",'Dell Hardware'!L6)
A14: =IF('Dell Hardware'!A7="","",'Dell Hardware'!A7) | B14: Dell Hardware | C14: =IF('Dell Hardware'!B7="","",'Dell Hardware'!B7) | D14: =IF('Dell Hardware'!C7="","",'Dell Hardware'!C7) | E14: =IF('Dell Hardware'!D7="","",'Dell Hardware'!D7) | F14: =IF('Dell Hardware'!E7="","",'Dell Hardware'!E7) | G14: =IF('Dell Hardware'!F7="","",'Dell Hardware'!F7) | H14: =IF('Dell Hardware'!G7="","",'Dell Hardware'!G7) | I14: =IF('Dell Hardware'!H7="","",'Dell Hardware'!H7) | J14: =IF('Dell Hardware'!I7="","",'Dell Hardware'!I7) | ... M14: =IF('Dell Hardware'!L7="","",'Dell Hardware'!L7)
A15: =IF('vSAN Storage'!A3="","",'vSAN Storage'!A3) | B15: vSAN Storage | C15: =IF('vSAN Storage'!B3="","",'vSAN Storage'!B3) | D15: =IF('vSAN Storage'!C3="","",'vSAN Storage'!C3) | E15: =IF('vSAN Storage'!D3="","",'vSAN Storage'!D3) | F15: =IF('vSAN Storage'!E3="","",'vSAN Storage'!E3) | G15: =IF('vSAN Storage'!F3="","",'vSAN Storage'!F3) | H15: =IF('vSAN Storage'!G3="","",'vSAN Storage'!G3) | I15: =IF('vSAN Storage'!H3="","",'vSAN Storage'!H3) | J15: =IF('vSAN Storage'!I3="","",'vSAN Storage'!I3) | ... M15: =IF('vSAN Storage'!L3="","",'vSAN Storage'!L3)
A16: =IF('vSAN Storage'!A4="","",'vSAN Storage'!A4) | B16: vSAN Storage | C16: =IF('vSAN Storage'!B4="","",'vSAN Storage'!B4) | D16: =IF('vSAN Storage'!C4="","",'vSAN Storage'!C4) | E16: =IF('vSAN Storage'!D4="","",'vSAN Storage'!D4) | F16: =IF('vSAN Storage'!E4="","",'vSAN Storage'!E4) | G16: =IF('vSAN Storage'!F4="","",'vSAN Storage'!F4) | H16: =IF('vSAN Storage'!G4="","",'vSAN Storage'!G4) | I16: =IF('vSAN Storage'!H4="","",'vSAN Storage'!H4) | J16: =IF('vSAN Storage'!I4="","",'vSAN Storage'!I4) | ... M16: =IF('vSAN Storage'!L4="","",'vSAN Storage'!L4)
A17: =IF('vSAN Storage'!A5="","",'vSAN Storage'!A5) | B17: vSAN Storage | C17: =IF('vSAN Storage'!B5="","",'vSAN Storage'!B5) | D17: =IF('vSAN Storage'!C5="","",'vSAN Storage'!C5) | E17: =IF('vSAN Storage'!D5="","",'vSAN Storage'!D5) | F17: =IF('vSAN Storage'!E5="","",'vSAN Storage'!E5) | G17: =IF('vSAN Storage'!F5="","",'vSAN Storage'!F5) | H17: =IF('vSAN Storage'!G5="","",'vSAN Storage'!G5) | I17: =IF('vSAN Storage'!H5="","",'vSAN Storage'!H5) | J17: =IF('vSAN Storage'!I5="","",'vSAN Storage'!I5) | ... M17: =IF('vSAN Storage'!L5="","",'vSAN Storage'!L5)
A18: =IF('vSAN Storage'!A6="","",'vSAN Storage'!A6) | B18: vSAN Storage | C18: =IF('vSAN Storage'!B6="","",'vSAN Storage'!B6) | D18: =IF('vSAN Storage'!C6="","",'vSAN Storage'!C6) | E18: =IF('vSAN Storage'!D6="","",'vSAN Storage'!D6) | F18: =IF('vSAN Storage'!E6="","",'vSAN Storage'!E6) | G18: =IF('vSAN Storage'!F6="","",'vSAN Storage'!F6) | H18: =IF('vSAN Storage'!G6="","",'vSAN Storage'!G6) | I18: =IF('vSAN Storage'!H6="","",'vSAN Storage'!H6) | J18: =IF('vSAN Storage'!I6="","",'vSAN Storage'!I6) | ... M18: =IF('vSAN Storage'!L6="","",'vSAN Storage'!L6)
A19: =IF('vSAN Storage'!A7="","",'vSAN Storage'!A7) | B19: vSAN Storage | C19: =IF('vSAN Storage'!B7="","",'vSAN Storage'!B7) | D19: =IF('vSAN Storage'!C7="","",'vSAN Storage'!C7) | E19: =IF('vSAN Storage'!D7="","",'vSAN Storage'!D7) | F19: =IF('vSAN Storage'!E7="","",'vSAN Storage'!E7) | G19: =IF('vSAN Storage'!F7="","",'vSAN Storage'!F7) | H19: =IF('vSAN Storage'!G7="","",'vSAN Storage'!G7) | I19: =IF('vSAN Storage'!H7="","",'vSAN Storage'!H7) | J19: =IF('vSAN Storage'!I7="","",'vSAN Storage'!I7) | ... M19: =IF('vSAN Storage'!L7="","",'vSAN Storage'!L7)
A20: =IF('vSAN Storage'!A8="","",'vSAN Storage'!A8) | B20: vSAN Storage | C20: =IF('vSAN Storage'!B8="","",'vSAN Storage'!B8) | D20: =IF('vSAN Storage'!C8="","",'vSAN Storage'!C8) | E20: =IF('vSAN Storage'!D8="","",'vSAN Storage'!D8) | F20: =IF('vSAN Storage'!E8="","",'vSAN Storage'!E8) | G20: =IF('vSAN Storage'!F8="","",'vSAN Storage'!F8) | H20: =IF('vSAN Storage'!G8="","",'vSAN Storage'!G8) | I20: =IF('vSAN Storage'!H8="","",'vSAN Storage'!H8) | J20: =IF('vSAN Storage'!I8="","",'vSAN Storage'!I8) | ... M20: =IF('vSAN Storage'!L8="","",'vSAN Storage'!L8)
A21: =IF('vSAN Storage'!A9="","",'vSAN Storage'!A9) | B21: vSAN Storage | C21: =IF('vSAN Storage'!B9="","",'vSAN Storage'!B9) | D21: =IF('vSAN Storage'!C9="","",'vSAN Storage'!C9) | E21: =IF('vSAN Storage'!D9="","",'vSAN Storage'!D9) | F21: =IF('vSAN Storage'!E9="","",'vSAN Storage'!E9) | G21: =IF('vSAN Storage'!F9="","",'vSAN Storage'!F9) | H21: =IF('vSAN Storage'!G9="","",'vSAN Storage'!G9) | I21: =IF('vSAN Storage'!H9="","",'vSAN Storage'!H9) | J21: =IF('vSAN Storage'!I9="","",'vSAN Storage'!I9) | ... M21: =IF('vSAN Storage'!L9="","",'vSAN Storage'!L9)
A22: =IF('vSAN Storage'!A10="","",'vSAN Storage'!A10) | B22: vSAN Storage | C22: =IF('vSAN Storage'!B10="","",'vSAN Storage'!B10) | D22: =IF('vSAN Storage'!C10="","",'vSAN Storage'!C10) | E22: =IF('vSAN Storage'!D10="","",'vSAN Storage'!D10) | F22: =IF('vSAN Storage'!E10="","",'vSAN Storage'!E10) | G22: =IF('vSAN Storage'!F10="","",'vSAN Storage'!F10) | H22: =IF('vSAN Storage'!G10="","",'vSAN Storage'!G10) | I22: =IF('vSAN Storage'!H10="","",'vSAN Storage'!H10) | J22: =IF('vSAN Storage'!I10="","",'vSAN Storage'!I10) | ... M22: =IF('vSAN Storage'!L10="","",'vSAN Storage'!L10)
A23: =IF('Dell Networking'!A3="","",'Dell Networking'!A3) | B23: Dell Networking | C23: =IF('Dell Networking'!B3="","",'Dell Networking'!B3) | D23: =IF('Dell Networking'!C3="","",'Dell Networking'!C3) | E23: =IF('Dell Networking'!D3="","",'Dell Networking'!D3) | F23: =IF('Dell Networking'!E3="","",'Dell Networking'!E3) | G23: =IF('Dell Networking'!F3="","",'Dell Networking'!F3) | H23: =IF('Dell Networking'!G3="","",'Dell Networking'!G3) | I23: =IF('Dell Networking'!H3="","",'Dell Networking'!H3) | J23: =IF('Dell Networking'!I3="","",'Dell Networking'!I3) | ... M23: =IF('Dell Networking'!L3="","",'Dell Networking'!L3)
A24: =IF('Dell Networking'!A4="","",'Dell Networking'!A4) | B24: Dell Networking | C24: =IF('Dell Networking'!B4="","",'Dell Networking'!B4) | D24: =IF('Dell Networking'!C4="","",'Dell Networking'!C4) | E24: =IF('Dell Networking'!D4="","",'Dell Networking'!D4) | F24: =IF('Dell Networking'!E4="","",'Dell Networking'!E4) | G24: =IF('Dell Networking'!F4="","",'Dell Networking'!F4) | H24: =IF('Dell Networking'!G4="","",'Dell Networking'!G4) | I24: =IF('Dell Networking'!H4="","",'Dell Networking'!H4) | J24: =IF('Dell Networking'!I4="","",'Dell Networking'!I4) | ... M24: =IF('Dell Networking'!L4="","",'Dell Networking'!L4)
A25: =IF('Dell Networking'!A5="","",'Dell Networking'!A5) | B25: Dell Networking | C25: =IF('Dell Networking'!B5="","",'Dell Networking'!B5) | D25: =IF('Dell Networking'!C5="","",'Dell Networking'!C5) | E25: =IF('Dell Networking'!D5="","",'Dell Networking'!D5) | F25: =IF('Dell Networking'!E5="","",'Dell Networking'!E5) | G25: =IF('Dell Networking'!F5="","",'Dell Networking'!F5) | H25: =IF('Dell Networking'!G5="","",'Dell Networking'!G5) | I25: =IF('Dell Networking'!H5="","",'Dell Networking'!H5) | J25: =IF('Dell Networking'!I5="","",'Dell Networking'!I5) | ... M25: =IF('Dell Networking'!L5="","",'Dell Networking'!L5)
A26: =IF('VMware'!A3="","",'VMware'!A3) | B26: VMware | C26: =IF('VMware'!B3="","",'VMware'!B3) | D26: =IF('VMware'!C3="","",'VMware'!C3) | E26: =IF('VMware'!D3="","",'VMware'!D3) | F26: =IF('VMware'!E3="","",'VMware'!E3) | G26: =IF('VMware'!F3="","",'VMware'!F3) | H26: =IF('VMware'!G3="","",'VMware'!G3) | I26: =IF('VMware'!H3="","",'VMware'!H3) | J26: =IF('VMware'!I3="","",'VMware'!I3) | ... M26: =IF('VMware'!L3="","",'VMware'!L3)
A27: =IF('VMware'!A4="","",'VMware'!A4) | B27: VMware | C27: =IF('VMware'!B4="","",'VMware'!B4) | D27: =IF('VMware'!C4="","",'VMware'!C4) | E27: =IF('VMware'!D4="","",'VMware'!D4) | F27: =IF('VMware'!E4="","",'VMware'!E4) | G27: =IF('VMware'!F4="","",'VMware'!F4) | H27: =IF('VMware'!G4="","",'VMware'!G4) | I27: =IF('VMware'!H4="","",'VMware'!H4) | J27: =IF('VMware'!I4="","",'VMware'!I4) | ... M27: =IF('VMware'!L4="","",'VMware'!L4)
A28: =IF('VMware'!A5="","",'VMware'!A5) | B28: VMware | C28: =IF('VMware'!B5="","",'VMware'!B5) | D28: =IF('VMware'!C5="","",'VMware'!C5) | E28: =IF('VMware'!D5="","",'VMware'!D5) | F28: =IF('VMware'!E5="","",'VMware'!E5) | G28: =IF('VMware'!F5="","",'VMware'!F5) | H28: =IF('VMware'!G5="","",'VMware'!G5) | I28: =IF('VMware'!H5="","",'VMware'!H5) | J28: =IF('VMware'!I5="","",'VMware'!I5) | ... M28: =IF('VMware'!L5="","",'VMware'!L5)
A29: =IF('VMware'!A6="","",'VMware'!A6) | B29: VMware | C29: =IF('VMware'!B6="","",'VMware'!B6) | D29: =IF('VMware'!C6="","",'VMware'!C6) | E29: =IF('VMware'!D6="","",'VMware'!D6) | F29: =IF('VMware'!E6="","",'VMware'!E6) | G29: =IF('VMware'!F6="","",'VMware'!F6) | H29: =IF('VMware'!G6="","",'VMware'!G6) | I29: =IF('VMware'!H6="","",'VMware'!H6) | J29: =IF('VMware'!I6="","",'VMware'!I6) | ... M29: =IF('VMware'!L6="","",'VMware'!L6)
A30: =IF('VMware'!A7="","",'VMware'!A7) | B30: VMware | C30: =IF('VMware'!B7="","",'VMware'!B7) | D30: =IF('VMware'!C7="","",'VMware'!C7) | E30: =IF('VMware'!D7="","",'VMware'!D7) | F30: =IF('VMware'!E7="","",'VMware'!E7) | G30: =IF('VMware'!F7="","",'VMware'!F7) | H30: =IF('VMware'!G7="","",'VMware'!G7) | I30: =IF('VMware'!H7="","",'VMware'!H7) | J30: =IF('VMware'!I7="","",'VMware'!I7) | ... M30: =IF('VMware'!L7="","",'VMware'!L7)
A31: =IF('VMware'!A8="","",'VMware'!A8) | B31: VMware | C31: =IF('VMware'!B8="","",'VMware'!B8) | D31: =IF('VMware'!C8="","",'VMware'!C8) | E31: =IF('VMware'!D8="","",'VMware'!D8) | F31: =IF('VMware'!E8="","",'VMware'!E8) | G31: =IF('VMware'!F8="","",'VMware'!F8) | H31: =IF('VMware'!G8="","",'VMware'!G8) | I31: =IF('VMware'!H8="","",'VMware'!H8) | J31: =IF('VMware'!I8="","",'VMware'!I8) | ... M31: =IF('VMware'!L8="","",'VMware'!L8)
A32: =IF('VMware'!A9="","",'VMware'!A9) | B32: VMware | C32: =IF('VMware'!B9="","",'VMware'!B9) | D32: =IF('VMware'!C9="","",'VMware'!C9) | E32: =IF('VMware'!D9="","",'VMware'!D9) | F32: =IF('VMware'!E9="","",'VMware'!E9) | G32: =IF('VMware'!F9="","",'VMware'!F9) | H32: =IF('VMware'!G9="","",'VMware'!G9) | I32: =IF('VMware'!H9="","",'VMware'!H9) | J32: =IF('VMware'!I9="","",'VMware'!I9) | ... M32: =IF('VMware'!L9="","",'VMware'!L9)
A33: =IF('Operations'!A3="","",'Operations'!A3) | B33: Operations | C33: =IF('Operations'!B3="","",'Operations'!B3) | D33: =IF('Operations'!C3="","",'Operations'!C3) | E33: =IF('Operations'!D3="","",'Operations'!D3) | F33: =IF('Operations'!E3="","",'Operations'!E3) | G33: =IF('Operations'!F3="","",'Operations'!F3) | H33: =IF('Operations'!G3="","",'Operations'!G3) | I33: =IF('Operations'!H3="","",'Operations'!H3) | J33: =IF('Operations'!I3="","",'Operations'!I3) | ... M33: =IF('Operations'!L3="","",'Operations'!L3)
A34: =IF('Operations'!A4="","",'Operations'!A4) | B34: Operations | C34: =IF('Operations'!B4="","",'Operations'!B4) | D34: =IF('Operations'!C4="","",'Operations'!C4) | E34: =IF('Operations'!D4="","",'Operations'!D4) | F34: =IF('Operations'!E4="","",'Operations'!E4) | G34: =IF('Operations'!F4="","",'Operations'!F4) | H34: =IF('Operations'!G4="","",'Operations'!G4) | I34: =IF('Operations'!H4="","",'Operations'!H4) | J34: =IF('Operations'!I4="","",'Operations'!I4) | ... M34: =IF('Operations'!L4="","",'Operations'!L4)
A35: =IF('Operations'!A5="","",'Operations'!A5) | B35: Operations | C35: =IF('Operations'!B5="","",'Operations'!B5) | D35: =IF('Operations'!C5="","",'Operations'!C5) | E35: =IF('Operations'!D5="","",'Operations'!D5) | F35: =IF('Operations'!E5="","",'Operations'!E5) | G35: =IF('Operations'!F5="","",'Operations'!F5) | H35: =IF('Operations'!G5="","",'Operations'!G5) | I35: =IF('Operations'!H5="","",'Operations'!H5) | J35: =IF('Operations'!I5="","",'Operations'!I5) | ... M35: =IF('Operations'!L5="","",'Operations'!L5)
A36: =IF('Database'!A3="","",'Database'!A3) | B36: Database | C36: =IF('Database'!B3="","",'Database'!B3) | D36: =IF('Database'!C3="","",'Database'!C3) | E36: =IF('Database'!D3="","",'Database'!D3) | F36: =IF('Database'!E3="","",'Database'!E3) | G36: =IF('Database'!F3="","",'Database'!F3) | H36: =IF('Database'!G3="","",'Database'!G3) | I36: =IF('Database'!H3="","",'Database'!H3) | J36: =IF('Database'!I3="","",'Database'!I3) | ... M36: =IF('Database'!L3="","",'Database'!L3)
A37: =IF('Database'!A4="","",'Database'!A4) | B37: Database | C37: =IF('Database'!B4="","",'Database'!B4) | D37: =IF('Database'!C4="","",'Database'!C4) | E37: =IF('Database'!D4="","",'Database'!D4) | F37: =IF('Database'!E4="","",'Database'!E4) | G37: =IF('Database'!F4="","",'Database'!F4) | H37: =IF('Database'!G4="","",'Database'!G4) | I37: =IF('Database'!H4="","",'Database'!H4) | J37: =IF('Database'!I4="","",'Database'!I4) | ... M37: =IF('Database'!L4="","",'Database'!L4)
A38: =IF('Database'!A5="","",'Database'!A5) | B38: Database | C38: =IF('Database'!B5="","",'Database'!B5) | D38: =IF('Database'!C5="","",'Database'!C5) | E38: =IF('Database'!D5="","",'Database'!D5) | F38: =IF('Database'!E5="","",'Database'!E5) | G38: =IF('Database'!F5="","",'Database'!F5) | H38: =IF('Database'!G5="","",'Database'!G5) | I38: =IF('Database'!H5="","",'Database'!H5) | J38: =IF('Database'!I5="","",'Database'!I5) | ... M38: =IF('Database'!L5="","",'Database'!L5)
A39: =IF('Monitoring'!A3="","",'Monitoring'!A3) | B39: Monitoring | C39: =IF('Monitoring'!B3="","",'Monitoring'!B3) | D39: =IF('Monitoring'!C3="","",'Monitoring'!C3) | E39: =IF('Monitoring'!D3="","",'Monitoring'!D3) | F39: =IF('Monitoring'!E3="","",'Monitoring'!E3) | G39: =IF('Monitoring'!F3="","",'Monitoring'!F3) | H39: =IF('Monitoring'!G3="","",'Monitoring'!G3) | I39: =IF('Monitoring'!H3="","",'Monitoring'!H3) | J39: =IF('Monitoring'!I3="","",'Monitoring'!I3) | ... M39: =IF('Monitoring'!L3="","",'Monitoring'!L3)
A40: =IF('Support'!A3="","",'Support'!A3) | B40: Support | C40: =IF('Support'!B3="","",'Support'!B3) | D40: =IF('Support'!C3="","",'Support'!C3) | E40: =IF('Support'!D3="","",'Support'!D3) | F40: =IF('Support'!E3="","",'Support'!E3) | G40: =IF('Support'!F3="","",'Support'!F3) | H40: =IF('Support'!G3="","",'Support'!G3) | I40: =IF('Support'!H3="","",'Support'!H3) | J40: =IF('Support'!I3="","",'Support'!I3) | ... M40: =IF('Support'!L3="","",'Support'!L3)

Sheet Application
A1: Application Parameters
A2: Parameter Name | B2: Environment | C2: Default Value | D2: Description | E2: Required | F2: Data Type | G2: Validation Rules | H2: Security Level | I2: Owner Team | J2: Dependencies | K2: Notes | L2: Last Updated
A3: VXRAIL_SOLUTION_NAME | B3: All | C3: Dell VxRail Hyperconverged Infrastructure | D3: Dell VxRail HCI solution identifier | E3: Yes | F3: String | G3: Max 50 characters | H3: Public | I3: VxRail Team | J3: None | K3: Used in vCenter and VxRail Manager | L3: [DATE]
A4: VXRAIL_VERSION | B4: All | C4: 8.0.200 | D4: VxRail software version | E4: Yes | F4: String | G4: Valid VxRail version | H4: Public | I4: VxRail Team | J4: None | K4: Major.minor.patch format | L4: [DATE]

Sheet VxRail Cluster
A1: VxRail Cluster Parameters
A2: Parameter Name | B2: Environment | C2: Default Value | D2: Description | E2: Required | F2: Data Type | G2: Validation Rules | H2: Security Level | I2: Owner Team | J2: Dependencies | K2: Notes | L2: Last Updated
A3: VXRAIL_CLUSTER_NAME | B3: All | C3: [vxrail-prod-cluster] | D3: VxRail cluster identifier | E3: Yes | F3: String | G3: Valid cluster name | H3: Public | I3: VxRail Team | J3: vSphere configuration | K3: Production cluster naming | L3: [DATE]

Sheet VxRail Hardware
A1: VxRail Hardware Parameters
A2: Parameter Name | B2: Environment | C2: Default Value | D2: Description | E2: Required | F2: Data Type | G2: Validation Rules | H2: Security Level | I2: Owner Team | J2: Dependencies | K2: Notes | L2: Last Updated
A3: VXRAIL_NODE_COUNT | B3: All | C3: 8 | D3: Number of VxRail P570 nodes in cluster | E3: Yes | F3: Integer | G3: 4-64 | H3: Public | I3: Hardware Team | J3: Rack planning | K3: 8-node for N+2 fault tolerance | L3: [DATE]
A4: VXRAIL_NODE_MODEL | B4: All | C4: P570 | D4: VxRail appliance model | E4: Yes | F4: String | G4: Valid VxRail model | H4: Public | I4: Hardware Team | J4: Performance requirements | K4: All-NVMe mission-critical platform | L4: [DATE]

Sheet Dell Hardware
A1: Dell Hardware Parameters
A2: Parameter Name | B2: Environment | C2: Default Value | D2: Description | E2: Required | F2: Data Type | G2: Validation Rules | H2: Security Level | I2: Owner Team | J2: Dependencies | K2: Notes | L2: Last Updated
A3: POWEREDGE_CHASSIS_MODEL | B3: All | C3: R760 | D3: Underlying PowerEdge chassis model | E3: Yes | F3: String | G3: Valid PowerEdge model | H3: Public | I3: Hardware Team | J3: Server specifications | K3: 2U rack server chassis | L3: [DATE]
A4: CPU_MODEL | B4: All | C4: Intel Xeon Platinum 8380 | D4: Processor model per node | E4: Yes | F4: String | G4: Valid CPU model | H4: Public | I4: Hardware Team | J4: Performance planning | K4: 40-core 2.3GHz processor | L4: [DATE]
A5: CPU_COUNT_PER_NODE | B5: All | C5: 2 | D5: Number of CPUs per VxRail P570 node | E5: Yes | F5: Integer | G5: 2-4 | H5: Public | I5: Hardware Team | J5: Processing requirements | K5: Dual socket configuration | L5: [DATE]
A6: MEMORY_PER_NODE_GB | B6: All | C6: 2048 | D6: System memory per node in GB | E6: Yes | F6: Integer | G6: 512-4096 | H6: Public | I6: Hardware Team | J6: Database requirements | K6: 2TB RAM for Oracle and SAP HANA | L6: [DATE]
A7: MEMORY_TYPE | B7: All | C7: DDR5-4800 | D7: Memory technology and speed | E7: Yes | F7: String | G7: Valid memory spec | H7: Public | I7: Hardware Team | J7: Performance optimization | K7: Latest DDR5 specification | L7: [DATE]

Sheet vSAN Storage
A1: vSAN Storage Parameters
A2: Parameter Name | B2: Environment | C2: Default Value | D2: Description | E2: Required | F2: Data Type | G2: Validation Rules | H2: Security Level | I2: Owner Team | J2: Dependencies | K2: Notes | L2: Last Updated
A3: VSAN_STORAGE_TYPE | B3: All | C3: All-NVMe | D3: vSAN storage tier type | E3: Yes | F3: String | G3: All-NVMe|Hybrid | H3: Public | I3: Storage Team | J3: vSAN architecture | K3: All-flash NVMe for sub-ms latency | L3: [DATE]
A4: VSAN_CAPACITY_PER_NODE_TB | B4: All | C4: 30.72 | D4: vSAN capacity per node in TB | E4: Yes | F4: Float | G4: 15-100 | H4: Public | I4: Storage Team | J4: Capacity planning | K4: High-capacity NVMe SSDs | L4: [DATE]
A5: VSAN_TOTAL_USABLE_TB | B5: All | C5: 200 | D5: Total usable vSAN capacity in TB | E5: Yes | F5: Integer | G5: 100-500 | H5: Public | I5: Storage Team | J5: Capacity planning | K5: After FTT=2 erasure coding | L5: [DATE]
A6: VSAN_STORAGE_POLICY | B6: All | C6: FTT=2 Erasure Coding | D6: Default vSAN storage policy | E6: Yes | F6: String | G6: Valid vSAN policy | H6: Public | I6: Storage Team | J6: Data protection | K6: RAID-6 equivalent for databases | L6: [DATE]
A7: VSAN_COMPRESSION_ENABLED | B7: All | C7: true | D7: Enable vSAN compression | E7: Yes | F7: Boolean | G7: true|false | H7: Public | I7: Storage Team | J7: Space efficiency | K7: Reduce storage footprint | L7: [DATE]
A8: VSAN_DEDUPLICATION_ENABLED | B8: All | C8: true | D8: Enable vSAN deduplication | E8: Yes | F8: Boolean | G8: true|false | H8: Public | I8: Storage Team | J8: Space efficiency | K8: Reduce duplicate data | L8: [DATE]
A9: VSAN_ENCRYPTION_ENABLED | B9: All | C9: true | D9: Enable vSAN encryption at rest | E9: Yes | F9: Boolean | G9: true|false | H9: Public | I9: Security Team | J9: Data protection | K9: External KMS required | L9: [DATE]
A10: VSAN_KMS_SERVER | B10: All | C10: [********] | D10: External KMS server address | E10: Yes | F10: String | G10: Valid FQDN | H10: Confidential | I10: Security Team | J10: Key management | K10: KMIP-compliant KMS | L10: [DATE]

Sheet Dell Networking
A1: Dell Networking Parameters
A2: Parameter Name | B2: Environment | C2: Default Value | D2: Description | E2: Required | F2: Data Type | G2: Validation Rules | H2: Security Level | I2: Owner Team | J2: Dependencies | K2: Notes | L2: Last Updated
A3: NETWORK_100GBE_SPINE | B3: All | C3: 4 | D3: Number of 100GbE spine switches | E3: Yes | F3: Integer | G3: 2-8 | H3: Public | I3: Network Team | J3: Fabric bandwidth | K3: Dell Z9432F-ON switches | L3: [DATE]
A4: NETWORK_25GBE_LEAF | B4: All | C4: 2 | D4: Number of 25GbE leaf switches per rack | E4: Yes | F4: Integer | G4: 2-4 | H4: Public | I4: Network Team | J4: Host connectivity | K4: Dell S5248F-ON switches | L4: [DATE]
A5: NETWORK_VSAN_BANDWIDTH | B5: All | C5: 100GbE | D5: vSAN network bandwidth | E5: Yes | F5: String | G5: Valid bandwidth | H5: Public | I5: Network Team | J5: Storage traffic | K5: Dedicated vSAN network | L5: [DATE]

Sheet VMware
A1: VMware Parameters
A2: Parameter Name | B2: Environment | C2: Default Value | D2: Description | E2: Required | F2: Data Type | G2: Validation Rules | H2: Security Level | I2: Owner Team | J2: Dependencies | K2: Notes | L2: Last Updated
A3: NSX_T_ENABLED | B3: All | C3: true | D3: Enable VMware NSX-T networking | E3: Yes | F3: Boolean | G3: true|false | H3: Public | I3: Network Team | J3: Microsegmentation | K3: Database security zones | L3: [DATE]
A4: NSX_T_VERSION | B4: All | C4: 4.1 | D4: VMware NSX-T version | E4: Yes | F4: String | G4: Valid NSX version | H4: Public | I4: Network Team | J4: Software-defined networking | K4: Distributed firewall enabled | L4: [DATE]
A5: VMWARE_VCENTER_VERSION | B5: All | C5: 8.0 U2 | D5: VMware vCenter Server version | E5: Yes | F5: String | G5: Valid vCenter version | H5: Public | I5: VMware Team | J5: VxRail compatibility | K5: Supported version matrix | L5: [DATE]
A6: VMWARE_ESXI_VERSION | B6: All | C6: 8.0 U2 | D6: VMware ESXi hypervisor version | E6: Yes | F6: String | G6: Valid ESXi version | H6: Public | I6: VMware Team | J6: VMWARE_VCENTER_VERSION | K6: Hypervisor compatibility | L6: [DATE]
A7: VMWARE_VSAN_VERSION | B7: All | C7: 8.0 U2 | D7: VMware vSAN version | E7: Yes | F7: String | G7: Valid vSAN version | H7: Public | I7: VMware Team | J7: Storage cluster | K7: HCI storage layer | L7: [DATE]
A8: VMWARE_SRM_ENABLED | B8: All | C8: true | D8: Enable VMware Site Recovery Manager | E8: Yes | F8: Boolean | G8: true|false | H8: Public | I8: DR Team | J8: Disaster recovery | K8: Orchestrated failover | L8: [DATE]
A9: VMWARE_SRM_VERSION | B9: All | C9: 8.7 | D9: VMware SRM version | E9: Yes | F9: String | G9: Valid SRM version | H9: Public | I9: DR Team | J9: DR orchestration | K9: RecoverPoint integration | L9: [DATE]

Sheet Operations
A1: Operations Parameters
A2: Parameter Name | B2: Environment | C2: Default Value | D2: Description | E2: Required | F2: Data Type | G2: Validation Rules | H2: Security Level | I2: Owner Team | J2: Dependencies | K2: Notes | L2: Last Updated
A3: DR_RPO_MINUTES | B3: Production | C3: 5 | D3: Recovery Point Objective in minutes | E3: Yes | F3: Integer | G3: 1-60 | H3: Public | I3: DR Team | J3: Data loss tolerance | K3: Near-synchronous replication | L3: [DATE]
A4: DR_RTO_MINUTES | B4: Production | C4: 15 | D4: Recovery Time Objective in minutes | E4: Yes | F4: Integer | G4: 5-120 | H4: Public | I4: DR Team | J4: Service restoration | K4: Automated failover | L4: [DATE]
A5: BACKUP_SOLUTION | B5: All | C5: Dell PowerProtect Data Manager | D5: Primary backup solution | E5: Yes | F5: String | G5: Valid backup platform | H5: Public | I5: Backup Team | J5: Data protection | K5: Dell integrated backup | L5: [DATE]

Sheet Database
A1: Database Parameters
A2: Parameter Name | B2: Environment | C2: Default Value | D2: Description | E2: Required | F2: Data Type | G2: Validation Rules | H2: Security Level | I2: Owner Team | J2: Dependencies | K2: Notes | L2: Last Updated
A3: ORACLE_RAC_NODES | B3: All | C3: 4 | D3: Number of Oracle RAC nodes | E3: Yes | F3: Integer | G3: 2-8 | H3: Public | I3: DBA Team | J3: Oracle licensing | K3: RAC on vSAN certified | L3: [DATE]
A4: SQL_ALWAYS_ON_NODES | B4: All | C4: 3 | D4: Number of SQL Always-On nodes | E4: Yes | F4: Integer | G4: 2-5 | H4: Public | I4: DBA Team | J4: SQL licensing | K4: Synchronous replication | L4: [DATE]
A5: SAP_HANA_MEMORY_GB | B5: All | C5: 1024 | D5: SAP HANA memory allocation | E5: Yes | F5: Integer | G5: 256-2048 | H5: Public | I5: DBA Team | J5: SAP requirements | K5: Certified configuration | L5: [DATE]

Sheet Monitoring
A1: Monitoring Parameters
A2: Parameter Name | B2: Environment | C2: Default Value | D2: Description | E2: Required | F2: Data Type | G2: Validation Rules | H2: Security Level | I2: Owner Team | J2: Dependencies | K2: Notes | L2: Last Updated
A3: MONITORING_SOLUTION | B3: All | C3: Dell CloudIQ | D3: Primary monitoring platform | E3: Yes | F3: String | G3: Valid monitoring tool | H3: Public | I3: Monitoring Team | J3: Proactive monitoring | K3: AI-driven insights | L3: [DATE]

Sheet Support
A1: Support Parameters
A2: Parameter Name | B2: Environment | C2: Default Value | D2: Description | E2: Required | F2: Data Type | G2: Validation Rules | H2: Security Level | I2: Owner Team | J2: Dependencies | K2: Notes | L2: Last Updated
A3: DELL_PROSUPPORT_LEVEL | B3: All | C3: [********] | D3: Dell ProSupport tier | E3: Yes | F3: String | G3: Basic|ProSupport|Mission Critical | H3: Confidential | I3: Support Team | J3: SLA requirements | K3: 24x7 with 2-hour response | L3: [DATE]
